Année,Entité administrative,Id Entité,Activité,Energie,Variable,Valeur,Unite
2017,ABRIÈS (05),5001,Tous secteurs,Toutes énergies,co2,2586389.3,kg
2017,AIGLUN (04),4001,Tous secteurs,Toutes énergies,co2,6569527.4,kg
2017,AIGLUN (06),6001,Tous secteurs,Toutes énergies,co2,895645.7,kg
2017,AIGUILLES (05),5003,Tous secteurs,Toutes énergies,co2,2729070.4,kg
2017,AIGUINES (83),83002,Tous secteurs,Toutes énergies,co2,3015715.9,kg
2017,AIX-EN-PROVENCE (13),13001,Tous secteurs,Toutes énergies,co2,672153311.7,kg
2017,ALLAUCH (13),13002,Tous secteurs,Toutes énergies,co2,39919210.6,kg
2017,ALLEINS (13),13003,Tous secteurs,Toutes énergies,co2,6414156.5,kg
2017,ALLEMAGNE-EN-PROVENCE (04),4004,Tous secteurs,Toutes énergies,co2,2773112.2,kg
2017,ALLONS (04),4005,Tous secteurs,Toutes énergies,co2,305421.9,kg
2017,ALLOS (04),4006,Tous secteurs,Toutes énergies,co2,8553169.2,kg
2017,ALTHEN-DES-PALUDS (84),84001,Tous secteurs,Toutes énergies,co2,13746135.8,kg
2017,AMIRAT (06),6002,Tous secteurs,Toutes énergies,co2,380305.2,kg
2017,AMPUS (83),83003,Tous secteurs,Toutes énergies,co2,3661300.9,kg
2017,ANCELLE (05),5004,Tous secteurs,Toutes énergies,co2,4441768,kg
2017,ANDON (06),6003,Tous secteurs,Toutes énergies,co2,7151873.9,kg
2017,ANGLES (04),4007,Tous secteurs,Toutes énergies,co2,281211.5,kg
2017,ANNOT (04),4008,Tous secteurs,Toutes énergies,co2,14008417.2,kg
2017,ANSOUIS (84),84002,Tous secteurs,Toutes énergies,co2,4888572.9,kg
2017,ANTIBES (06),6004,Tous secteurs,Toutes énergies,co2,258288800.6,kg
2017,APT (84),84003,Tous secteurs,Toutes énergies,co2,44192647.4,kg
2017,ARCHAIL (04),4009,Tous secteurs,Toutes énergies,co2,105340.7,kg
2017,ARLES (13),13004,Tous secteurs,Toutes énergies,co2,389258540.5,kg
2017,ARTIGNOSC-SUR-VERDON (83),83005,Tous secteurs,Toutes énergies,co2,877684,kg
2017,ARTIGUES (83),83006,Tous secteurs,Toutes énergies,co2,81691887.3,kg
2017,ARVIEUX (05),5007,Tous secteurs,Toutes énergies,co2,4834392.1,kg
2017,ASCROS (06),6005,Tous secteurs,Toutes énergies,co2,721226.5,kg
2017,ASPREMONT (05),5008,Tous secteurs,Toutes énergies,co2,3149569.4,kg
2017,ASPREMONT (06),6006,Tous secteurs,Toutes énergies,co2,8052496.7,kg
2017,ASPRES-LÈS-CORPS (05),5009,Tous secteurs,Toutes énergies,co2,2229026.4,kg
2017,ASPRES-SUR-BUËCH (05),5010,Tous secteurs,Toutes énergies,co2,7326111,kg
2017,AUBAGNE (13),13005,Tous secteurs,Toutes énergies,co2,243775493,kg
2017,AUBENAS-LES-ALPES (04),4012,Tous secteurs,Toutes énergies,co2,426176.2,kg
2017,AUBIGNAN (84),84004,Tous secteurs,Toutes énergies,co2,12394102.4,kg
2017,AUBIGNOSC (04),4013,Tous secteurs,Toutes énergies,co2,8880868.8,kg
2017,AUPS (83),83007,Tous secteurs,Toutes énergies,co2,8185407.6,kg
2017,AUREILLE (13),13006,Tous secteurs,Toutes énergies,co2,3556946.6,kg
2017,AUREL (84),84005,Tous secteurs,Toutes énergies,co2,757504.4,kg
2017,AURIBEAU (84),84006,Tous secteurs,Toutes énergies,co2,220953.9,kg
2017,AURIBEAU-SUR-SIAGNE (06),6007,Tous secteurs,Toutes énergies,co2,7431120.1,kg
2017,AURIOL (13),13007,Tous secteurs,Toutes énergies,co2,41634729,kg
2017,AURONS (13),13008,Tous secteurs,Toutes énergies,co2,1638691.6,kg
2017,AUTHON (04),4016,Tous secteurs,Toutes énergies,co2,1526650.9,kg
2017,AUVARE (06),6008,Tous secteurs,Toutes énergies,co2,241986.5,kg
2017,AUZET (04),4017,Tous secteurs,Toutes énergies,co2,446056.7,kg
2017,AVANÇON (05),5011,Tous secteurs,Toutes énergies,co2,21167068.1,kg
2017,AVIGNON (84),84007,Tous secteurs,Toutes énergies,co2,332291805.3,kg
2017,BAGNOLS-EN-FORÊT (83),83008,Tous secteurs,Toutes énergies,co2,46409987.2,kg
2017,BAIROLS (06),6009,Tous secteurs,Toutes énergies,co2,554373.3,kg
2017,BANDOL (83),83009,Tous secteurs,Toutes énergies,co2,28609144.4,kg
2017,BANON (04),4018,Tous secteurs,Toutes énergies,co2,4383324.2,kg
2017,BARATIER (05),5012,Tous secteurs,Toutes énergies,co2,4009419.1,kg
2017,BARBENTANE (13),13010,Tous secteurs,Toutes énergies,co2,10562965.4,kg
2017,BARCELONNETTE (04),4019,Tous secteurs,Toutes énergies,co2,9341375.7,kg
2017,BARCILLONNETTE (05),5013,Tous secteurs,Toutes énergies,co2,1038731.7,kg
2017,BARGÈME (83),83010,Tous secteurs,Toutes énergies,co2,874341,kg
2017,BARGEMON (83),83011,Tous secteurs,Toutes énergies,co2,2738691.2,kg
2017,BARJOLS (83),83012,Tous secteurs,Toutes énergies,co2,6508509.9,kg
2017,BARLES (04),4020,Tous secteurs,Toutes énergies,co2,3543191.7,kg
2017,BARRAS (04),4021,Tous secteurs,Toutes énergies,co2,1631882.8,kg
2017,BARRÊME (04),4022,Tous secteurs,Toutes énergies,co2,4570300.7,kg
2017,BARRET-SUR-MÉOUGE (05),5014,Tous secteurs,Toutes énergies,co2,921264.8,kg
2017,BAUDINARD-SUR-VERDON (83),83014,Tous secteurs,Toutes énergies,co2,1084435.9,kg
2017,BAUDUEN (83),83015,Tous secteurs,Toutes énergies,co2,3097241.9,kg
2017,BAYONS (04),4023,Tous secteurs,Toutes énergies,co2,3720123.7,kg
2017,BEAUJEU (04),4024,Tous secteurs,Toutes énergies,co2,2406932,kg
2017,BEAULIEU-SUR-MER (06),6011,Tous secteurs,Toutes énergies,co2,10559010.4,kg
2017,BEAUMES-DE-VENISE (84),84012,Tous secteurs,Toutes énergies,co2,7463115.1,kg
2017,BEAUMETTES (84),84013,Tous secteurs,Toutes énergies,co2,3070699.1,kg
2017,BEAUMONT-DE-PERTUIS (84),84014,Tous secteurs,Toutes énergies,co2,11797291.6,kg
2017,BEAUMONT-DU-VENTOUX (84),84015,Tous secteurs,Toutes énergies,co2,2016667,kg
2017,BEAURECUEIL (13),13012,Tous secteurs,Toutes énergies,co2,1722597.7,kg
2017,BEAUSOLEIL (06),6012,Tous secteurs,Toutes énergies,co2,26701248.3,kg
2017,BEAUVEZER (04),4025,Tous secteurs,Toutes énergies,co2,1919736.2,kg
2017,BÉDARRIDES (84),84016,Tous secteurs,Toutes énergies,co2,35915177.3,kg
2017,BÉDOIN (84),84017,Tous secteurs,Toutes énergies,co2,11530263.8,kg
2017,BELCODÈNE (13),13013,Tous secteurs,Toutes énergies,co2,22678339.1,kg
2017,BELGENTIER (83),83017,Tous secteurs,Toutes énergies,co2,14232120.2,kg
2017,BELLAFFAIRE (04),4026,Tous secteurs,Toutes énergies,co2,770828.3,kg
2017,BELVÉDÈRE (06),6013,Tous secteurs,Toutes énergies,co2,1795348.8,kg
2017,BENDEJUN (06),6014,Tous secteurs,Toutes énergies,co2,1923028.2,kg
2017,BERRE-LES-ALPES (06),6015,Tous secteurs,Toutes énergies,co2,2546923.6,kg
2017,BERRE-L'ÉTANG (13),13014,Tous secteurs,Toutes énergies,co2,1530682147,kg
2017,BESSE-SUR-ISSOLE (83),83018,Tous secteurs,Toutes énergies,co2,10013516.9,kg
2017,BEUIL (06),6016,Tous secteurs,Toutes énergies,co2,4419574.6,kg
2017,BEVONS (04),4027,Tous secteurs,Toutes énergies,co2,1812058.2,kg
2017,BEYNES (04),4028,Tous secteurs,Toutes énergies,co2,803671,kg
2017,BÉZAUDUN-LES-ALPES (06),6017,Tous secteurs,Toutes énergies,co2,926725.7,kg
2017,BIOT (06),6018,Tous secteurs,Toutes énergies,co2,42050353.8,kg
2017,BLAUSASC (06),6019,Tous secteurs,Toutes énergies,co2,509310345.7,kg
2017,BLAUVAC (84),84018,Tous secteurs,Toutes énergies,co2,1429376.6,kg
2017,BLIEUX (04),4030,Tous secteurs,Toutes énergies,co2,291725.5,kg
2017,BOLLENE (84),84019,Tous secteurs,Toutes énergies,co2,128443226.5,kg
2017,BONNIEUX (84),84020,Tous secteurs,Toutes énergies,co2,11499699.5,kg
2017,BONSON (06),6021,Tous secteurs,Toutes énergies,co2,1173741.2,kg
2017,BORMES-LES-MIMOSAS (83),83019,Tous secteurs,Toutes énergies,co2,31485704.6,kg
2017,BOUC-BEL-AIR (13),13015,Tous secteurs,Toutes énergies,co2,88246768.8,kg
2017,BOULBON (13),13017,Tous secteurs,Toutes énergies,co2,5264130.9,kg
2017,BOUYON (06),6022,Tous secteurs,Toutes énergies,co2,3013633.9,kg
2017,BRANTES (84),84021,Tous secteurs,Toutes énergies,co2,511116.8,kg
2017,BRAS (83),83021,Tous secteurs,Toutes énergies,co2,4730645.9,kg
2017,BRAS-D'ASSE (04),4031,Tous secteurs,Toutes énergies,co2,2040873.3,kg
2017,BRAUX (04),4032,Tous secteurs,Toutes énergies,co2,449089.8,kg
2017,BREIL-SUR-ROYA (06),6023,Tous secteurs,Toutes énergies,co2,9251081.4,kg
2017,BRENON (83),83022,Tous secteurs,Toutes énergies,co2,419422.2,kg
2017,BRÉZIERS (05),5022,Tous secteurs,Toutes énergies,co2,1524150.5,kg
2017,BRIANÇON (05),5023,Tous secteurs,Toutes énergies,co2,38646051.4,kg
2017,BRIANÇONNET (06),6024,Tous secteurs,Toutes énergies,co2,1412783.4,kg
2017,BRIGNOLES (83),83023,Tous secteurs,Toutes énergies,co2,141743449.9,kg
2017,BRUE-AURIAC (83),83025,Tous secteurs,Toutes énergies,co2,5053451.5,kg
2017,BRUIS (05),5024,Tous secteurs,Toutes énergies,co2,1449720.8,kg
2017,BRUNET (04),4035,Tous secteurs,Toutes énergies,co2,1799626,kg
2017,BUISSARD (05),5025,Tous secteurs,Toutes énergies,co2,752284.9,kg
2017,BUISSON (84),84022,Tous secteurs,Toutes énergies,co2,3095317.2,kg
2017,BUOUX (84),84023,Tous secteurs,Toutes énergies,co2,1642169.4,kg
2017,CABANNES (13),13018,Tous secteurs,Toutes énergies,co2,43653662.8,kg
2017,CABASSE (83),83026,Tous secteurs,Toutes énergies,co2,31947444.3,kg
2017,CABRIÈRES-D'AIGUES (84),84024,Tous secteurs,Toutes énergies,co2,2254934.9,kg
2017,CABRIÈRES-D'AVIGNON (84),84025,Tous secteurs,Toutes énergies,co2,6877099.2,kg
2017,CABRIÈS (13),13019,Tous secteurs,Toutes énergies,co2,61054920.6,kg
2017,CABRIS (06),6026,Tous secteurs,Toutes énergies,co2,4905257.6,kg
2017,CADENET (84),84026,Tous secteurs,Toutes énergies,co2,13031401.7,kg
2017,CADEROUSSE (84),84027,Tous secteurs,Toutes énergies,co2,10441749.5,kg
2017,CADOLIVE (13),13020,Tous secteurs,Toutes énergies,co2,3826695.9,kg
2017,CAGNES-SUR-MER (06),6027,Tous secteurs,Toutes énergies,co2,160968715.7,kg
2017,CAILLE (06),6028,Tous secteurs,Toutes énergies,co2,1528097.1,kg
2017,CAIRANNE (84),84028,Tous secteurs,Toutes énergies,co2,9008454.2,kg
2017,CALLAS (83),83028,Tous secteurs,Toutes énergies,co2,29754472.7,kg
2017,CALLIAN (83),83029,Tous secteurs,Toutes énergies,co2,7301237.7,kg
2017,CAMARET-SUR-AIGUES (84),84029,Tous secteurs,Toutes énergies,co2,19070647.9,kg
2017,CAMPS-LA-SOURCE (83),83030,Tous secteurs,Toutes énergies,co2,8143423,kg
2017,CANNES (06),6029,Tous secteurs,Toutes énergies,co2,229161647.4,kg
2017,CANTARON (06),6031,Tous secteurs,Toutes énergies,co2,7987400.8,kg
2017,CAP-D'AIL (06),6032,Tous secteurs,Toutes énergies,co2,18697218.1,kg
2017,CARCÈS (83),83032,Tous secteurs,Toutes énergies,co2,7548849.4,kg
2017,CARNOULES (83),83033,Tous secteurs,Toutes énergies,co2,14686859.3,kg
2017,CARNOUX-EN-PROVENCE (13),13119,Tous secteurs,Toutes énergies,co2,14980983.7,kg
2017,CAROMB (84),84030,Tous secteurs,Toutes énergies,co2,8328426.7,kg
2017,CARPENTRAS (84),84031,Tous secteurs,Toutes énergies,co2,101728697.3,kg
2017,CARQUEIRANNE (83),83034,Tous secteurs,Toutes énergies,co2,24491056.2,kg
2017,CARROS (06),6033,Tous secteurs,Toutes énergies,co2,59231226.8,kg
2017,CARRY-LE-ROUET (13),13021,Tous secteurs,Toutes énergies,co2,14501181.7,kg
2017,CASENEUVE (84),84032,Tous secteurs,Toutes énergies,co2,1884779.6,kg
2017,CASSIS (13),13022,Tous secteurs,Toutes énergies,co2,53297400.5,kg
2017,CASTAGNIERS (06),6034,Tous secteurs,Toutes énergies,co2,15461419.8,kg
2017,CASTELLANE (04),4039,Tous secteurs,Toutes énergies,co2,10977547.9,kg
2017,CASTELLAR (06),6035,Tous secteurs,Toutes énergies,co2,1372747.3,kg
2017,CASTELLET (84),84033,Tous secteurs,Toutes énergies,co2,585704.7,kg
2017,CASTELLET-LÈS-SAUSSES (04),4042,Tous secteurs,Toutes énergies,co2,560156,kg
2017,CASTILLON (06),6036,Tous secteurs,Toutes énergies,co2,3492007.8,kg
2017,CAUMONT-SUR-DURANCE (84),84034,Tous secteurs,Toutes énergies,co2,27291174,kg
2017,CAUSSOLS (06),6037,Tous secteurs,Toutes énergies,co2,2247298.9,kg
2017,CAVAILLON (84),84035,Tous secteurs,Toutes énergies,co2,105541966.8,kg
2017,CAVALAIRE-SUR-MER (83),83036,Tous secteurs,Toutes énergies,co2,15704857.5,kg
2017,CEILLAC (05),5026,Tous secteurs,Toutes énergies,co2,2189759.6,kg
2017,CÉRESTE (04),4045,Tous secteurs,Toutes énergies,co2,7630978.4,kg
2017,CERVIÈRES (05),5027,Tous secteurs,Toutes énergies,co2,2360838.9,kg
2017,CEYRESTE (13),13023,Tous secteurs,Toutes énergies,co2,11017287.3,kg
2017,CHABESTAN (05),5028,Tous secteurs,Toutes énergies,co2,1677149.4,kg
2017,CHABOTTES (05),5029,Tous secteurs,Toutes énergies,co2,3752019.4,kg
2017,CHAMPCELLA (05),5031,Tous secteurs,Toutes énergies,co2,733653.1,kg
2017,CHAMPOLÉON (05),5032,Tous secteurs,Toutes énergies,co2,1183308.2,kg
2017,CHAMPTERCIER (04),4047,Tous secteurs,Toutes énergies,co2,3491725.5,kg
2017,CHANOUSSE (05),5033,Tous secteurs,Toutes énergies,co2,588917,kg
2017,CHARLEVAL (13),13024,Tous secteurs,Toutes énergies,co2,5313499.3,kg
2017,CHÂTEAU-ARNOUX-SAINT-AUBAN (04),4049,Tous secteurs,Toutes énergies,co2,75933420.1,kg
2017,CHÂTEAUDOUBLE (83),83038,Tous secteurs,Toutes énergies,co2,2220816.9,kg
2017,CHÂTEAUFORT (04),4050,Tous secteurs,Toutes énergies,co2,229150.4,kg
2017,CHÂTEAUNEUF-DE-GADAGNE (84),84036,Tous secteurs,Toutes énergies,co2,14842955.4,kg
2017,CHÂTEAUNEUF-D'ENTRAUNES (06),6040,Tous secteurs,Toutes énergies,co2,279843.1,kg
2017,CHÂTEAUNEUF-D'OZE (05),5035,Tous secteurs,Toutes énergies,co2,794553.1,kg
2017,CHÂTEAUNEUF-DU-PAPE (84),84037,Tous secteurs,Toutes énergies,co2,10505523.9,kg
2017,CHÂTEAUNEUF-GRASSE (06),6038,Tous secteurs,Toutes énergies,co2,13344192.2,kg
2017,CHÂTEAUNEUF-LE-ROUGE (13),13025,Tous secteurs,Toutes énergies,co2,45337050.1,kg
2017,CHÂTEAUNEUF-LES-MARTIGUES (13),13026,Tous secteurs,Toutes énergies,co2,292265980.1,kg
2017,CHÂTEAUNEUF-MIRAVAIL (04),4051,Tous secteurs,Toutes énergies,co2,367401.3,kg
2017,CHÂTEAUNEUF-VAL-SAINT-DONAT (04),4053,Tous secteurs,Toutes énergies,co2,2163520.1,kg
2017,CHÂTEAUNEUF-VILLEVIEILLE (06),6039,Tous secteurs,Toutes énergies,co2,1863308.5,kg
2017,CHÂTEAUREDON (04),4054,Tous secteurs,Toutes énergies,co2,2711723.7,kg
2017,CHÂTEAURENARD (13),13027,Tous secteurs,Toutes énergies,co2,70342172.6,kg
2017,CHÂTEAUROUX-LES-ALPES (05),5036,Tous secteurs,Toutes énergies,co2,11311485,kg
2017,CHÂTEAUVERT (83),83039,Tous secteurs,Toutes énergies,co2,1565952.3,kg
2017,CHÂTEAUVIEUX (05),5037,Tous secteurs,Toutes énergies,co2,2128196.3,kg
2017,CHÂTEAUVIEUX (83),83040,Tous secteurs,Toutes énergies,co2,10802640.1,kg
2017,CHÂTEAU-VILLE-VIEILLE (05),5038,Tous secteurs,Toutes énergies,co2,5608718.3,kg
2017,CHAUDON-NORANTE (04),4055,Tous secteurs,Toutes énergies,co2,4245686.2,kg
2017,CHAUFFAYER (05),5039,Tous secteurs,Toutes énergies,co2,4223651.5,kg
2017,CHEVAL-BLANC (84),84038,Tous secteurs,Toutes énergies,co2,12149850.2,kg
2017,CHORGES (05),5040,Tous secteurs,Toutes énergies,co2,16962738.3,kg
2017,CIPIÈRES (06),6041,Tous secteurs,Toutes énergies,co2,1610572,kg
2017,CLAMENSANE (04),4057,Tous secteurs,Toutes énergies,co2,1285267.2,kg
2017,CLANS (06),6042,Tous secteurs,Toutes énergies,co2,3640721,kg
2017,CLARET (04),4058,Tous secteurs,Toutes énergies,co2,1092979,kg
2017,CLAVIERS (83),83041,Tous secteurs,Toutes énergies,co2,1573918.3,kg
2017,CLUMANC (04),4059,Tous secteurs,Toutes énergies,co2,585428.8,kg
2017,COARAZE (06),6043,Tous secteurs,Toutes énergies,co2,1505969.3,kg
2017,COGOLIN (83),83042,Tous secteurs,Toutes énergies,co2,28770712.2,kg
2017,COLLOBRIÈRES (83),83043,Tous secteurs,Toutes énergies,co2,13475464.3,kg
2017,COLLONGUES (06),6045,Tous secteurs,Toutes énergies,co2,505668.5,kg
2017,COLMARS (04),4061,Tous secteurs,Toutes énergies,co2,5932627.4,kg
2017,COLOMARS (06),6046,Tous secteurs,Toutes énergies,co2,13035456.4,kg
2017,COMPS-SUR-ARTUBY (83),83044,Tous secteurs,Toutes énergies,co2,2509711.2,kg
2017,CONSÉGUDES (06),6047,Tous secteurs,Toutes énergies,co2,196448.2,kg
2017,CONTES (06),6048,Tous secteurs,Toutes énergies,co2,308507819.5,kg
2017,CORBIÈRES (04),4063,Tous secteurs,Toutes énergies,co2,8205213.8,kg
2017,CORNILLON-CONFOUX (13),13029,Tous secteurs,Toutes énergies,co2,3166443.8,kg
2017,CORRENS (83),83045,Tous secteurs,Toutes énergies,co2,3375040.5,kg
2017,COTIGNAC (83),83046,Tous secteurs,Toutes énergies,co2,8381126.1,kg
2017,COUDOUX (13),13118,Tous secteurs,Toutes énergies,co2,53545171.4,kg
2017,COURMES (06),6049,Tous secteurs,Toutes énergies,co2,1775341.7,kg
2017,COURSEGOULES (06),6050,Tous secteurs,Toutes énergies,co2,3193755.6,kg
2017,COURTHÉZON (84),84039,Tous secteurs,Toutes énergies,co2,70524702.2,kg
2017,CRESTET (84),84040,Tous secteurs,Toutes énergies,co2,2201396.8,kg
2017,CRÉVOUX (05),5044,Tous secteurs,Toutes énergies,co2,1661247.8,kg
2017,CRILLON-LE-BRAVE (84),84041,Tous secteurs,Toutes énergies,co2,1908948.9,kg
2017,CROTS (05),5045,Tous secteurs,Toutes énergies,co2,8923951.7,kg
2017,CRUIS (04),4065,Tous secteurs,Toutes énergies,co2,2882241.8,kg
2017,CUCURON (84),84042,Tous secteurs,Toutes énergies,co2,4999558.2,kg
2017,CUÉBRIS (06),6052,Tous secteurs,Toutes énergies,co2,486332.9,kg
2017,CUERS (83),83049,Tous secteurs,Toutes énergies,co2,72435507.4,kg
2017,CUGES-LES-PINS (13),13030,Tous secteurs,Toutes énergies,co2,14602598.8,kg
2017,CURBANS (04),4066,Tous secteurs,Toutes énergies,co2,1281530.5,kg
2017,CUREL (04),4067,Tous secteurs,Toutes énergies,co2,368164.5,kg
2017,DALUIS (06),6053,Tous secteurs,Toutes énergies,co2,1153061,kg
2017,DAUPHIN (04),4068,Tous secteurs,Toutes énergies,co2,3468917.7,kg
2017,DEMANDOLX (04),4069,Tous secteurs,Toutes énergies,co2,739561.3,kg
2017,DIGNE-LES-BAINS (04),4070,Tous secteurs,Toutes énergies,co2,60548626.9,kg
2017,DRAGUIGNAN (83),83050,Tous secteurs,Toutes énergies,co2,84634350.4,kg
2017,DRAIX (04),4072,Tous secteurs,Toutes énergies,co2,205315.6,kg
2017,DRAP (06),6054,Tous secteurs,Toutes énergies,co2,12252861.5,kg
2017,DURANUS (06),6055,Tous secteurs,Toutes énergies,co2,798216,kg
2017,ÉGUILLES (13),13032,Tous secteurs,Toutes énergies,co2,29101961.9,kg
2017,EMBRUN (05),5046,Tous secteurs,Toutes énergies,co2,26898400.3,kg
2017,ENCHASTRAYES (04),4073,Tous secteurs,Toutes énergies,co2,3520424.3,kg
2017,ENSUÈS-LA-REDONNE (13),13033,Tous secteurs,Toutes énergies,co2,224629413.5,kg
2017,ENTRAGES (04),4074,Tous secteurs,Toutes énergies,co2,2661166.2,kg
2017,ENTRAIGUES-SUR-LA-SORGUE (84),84043,Tous secteurs,Toutes énergies,co2,60913133.3,kg
2017,ENTRAUNES (06),6056,Tous secteurs,Toutes énergies,co2,931218.1,kg
2017,ENTRECASTEAUX (83),83051,Tous secteurs,Toutes énergies,co2,4280261,kg
2017,ENTRECHAUX (84),84044,Tous secteurs,Toutes énergies,co2,3189920,kg
2017,ENTREPIERRES (04),4075,Tous secteurs,Toutes énergies,co2,3640827.4,kg
2017,ENTREVAUX (04),4076,Tous secteurs,Toutes énergies,co2,4042325.6,kg
2017,ENTREVENNES (04),4077,Tous secteurs,Toutes énergies,co2,806236.1,kg
2017,ÉOURRES (05),5047,Tous secteurs,Toutes énergies,co2,485214.9,kg
2017,ESCRAGNOLLES (06),6058,Tous secteurs,Toutes énergies,co2,2030506.3,kg
2017,ESPARRON (05),5049,Tous secteurs,Toutes énergies,co2,1053315.8,kg
2017,ESPARRON (83),83052,Tous secteurs,Toutes énergies,co2,1102027.9,kg
2017,ESPARRON-DE-VERDON (04),4081,Tous secteurs,Toutes énergies,co2,2075788.4,kg
2017,ESPINASSES (05),5050,Tous secteurs,Toutes énergies,co2,1761217.9,kg
2017,ESTOUBLON (04),4084,Tous secteurs,Toutes énergies,co2,1569037.6,kg
2017,ÉTOILE-SAINT-CYRICE (05),5051,Tous secteurs,Toutes énergies,co2,412345.8,kg
2017,ÉVENOS (83),83053,Tous secteurs,Toutes énergies,co2,31636382,kg
2017,EYGALIÈRES (13),13034,Tous secteurs,Toutes énergies,co2,8857138,kg
2017,EYGLIERS (05),5052,Tous secteurs,Toutes énergies,co2,4576930.7,kg
2017,EYGUIANS (05),5053,Tous secteurs,Toutes énergies,co2,6116238.8,kg
2017,EYGUIÈRES (13),13035,Tous secteurs,Toutes énergies,co2,22059001.1,kg
2017,EYRAGUES (13),13036,Tous secteurs,Toutes énergies,co2,12167707.2,kg
2017,ÈZE (06),6059,Tous secteurs,Toutes énergies,co2,17794952.1,kg
2017,FALICON (06),6060,Tous secteurs,Toutes énergies,co2,3881621.3,kg
2017,FAUCON (84),84045,Tous secteurs,Toutes énergies,co2,1614503.2,kg
2017,FAUCON-DE-BARCELONNETTE (04),4086,Tous secteurs,Toutes énergies,co2,2554071.2,kg
2017,FAUCON-DU-CAIRE (04),4085,Tous secteurs,Toutes énergies,co2,332737.1,kg
2017,FAYENCE (83),83055,Tous secteurs,Toutes énergies,co2,12836548.8,kg
2017,FIGANIÈRES (83),83056,Tous secteurs,Toutes énergies,co2,8074077.3,kg
2017,FLASSAN (84),84046,Tous secteurs,Toutes énergies,co2,1781115.1,kg
2017,FLASSANS-SUR-ISSOLE (83),83057,Tous secteurs,Toutes énergies,co2,32099674.3,kg
2017,FLAYOSC (83),83058,Tous secteurs,Toutes énergies,co2,13853927.7,kg
2017,FONTAINE-DE-VAUCLUSE (84),84139,Tous secteurs,Toutes énergies,co2,2126557.6,kg
2017,FONTAN (06),6062,Tous secteurs,Toutes énergies,co2,2687624.2,kg
2017,FONTIENNE (04),4087,Tous secteurs,Toutes énergies,co2,566335.8,kg
2017,FONTVIEILLE (13),13038,Tous secteurs,Toutes énergies,co2,11821846.7,kg
2017,FORCALQUEIRET (83),83059,Tous secteurs,Toutes énergies,co2,8694133.9,kg
2017,FORCALQUIER (04),4088,Tous secteurs,Toutes énergies,co2,14175490.1,kg
2017,FOREST-SAINT-JULIEN (05),5056,Tous secteurs,Toutes énergies,co2,2525480.3,kg
2017,FOS-SUR-MER (13),13039,Tous secteurs,Toutes énergies,co2,10147723996,kg
2017,FOUILLOUSE (05),5057,Tous secteurs,Toutes énergies,co2,755245.3,kg
2017,FOX-AMPHOUX (83),83060,Tous secteurs,Toutes énergies,co2,2162157.7,kg
2017,FREISSINIÈRES (05),5058,Tous secteurs,Toutes énergies,co2,1557750.8,kg
2017,FRÉJUS (83),83061,Tous secteurs,Toutes énergies,co2,213952231.4,kg
2017,FURMEYER (05),5060,Tous secteurs,Toutes énergies,co2,722189.5,kg
2017,FUVEAU (13),13040,Tous secteurs,Toutes énergies,co2,60065397.6,kg
2017,GANAGOBIE (04),4091,Tous secteurs,Toutes énergies,co2,7203591.2,kg
2017,GAP (05),5061,Tous secteurs,Toutes énergies,co2,145039950.9,kg
2017,GARDANNE (13),13041,Tous secteurs,Toutes énergies,co2,333868783.1,kg
2017,GARÉOULT (83),83064,Tous secteurs,Toutes énergies,co2,9099370.3,kg
2017,GARGAS (84),84047,Tous secteurs,Toutes énergies,co2,8995154.9,kg
2017,GARS (06),6063,Tous secteurs,Toutes énergies,co2,196761.2,kg
2017,GASSIN (83),83065,Tous secteurs,Toutes énergies,co2,26058262.9,kg
2017,GATTIÈRES (06),6064,Tous secteurs,Toutes énergies,co2,18695512,kg
2017,GÉMENOS (13),13042,Tous secteurs,Toutes énergies,co2,28627441.9,kg
2017,GIGNAC (84),84048,Tous secteurs,Toutes énergies,co2,807431.7,kg
2017,GIGNAC-LA-NERTHE (13),13043,Tous secteurs,Toutes énergies,co2,43098482.6,kg
2017,GIGONDAS (84),84049,Tous secteurs,Toutes énergies,co2,4721750.3,kg
2017,GIGORS (04),4093,Tous secteurs,Toutes énergies,co2,415749.7,kg
2017,GILETTE (06),6066,Tous secteurs,Toutes énergies,co2,7022487.2,kg
2017,GINASSERVIS (83),83066,Tous secteurs,Toutes énergies,co2,15254520.8,kg
2017,GONFARON (83),83067,Tous secteurs,Toutes énergies,co2,16850156.7,kg
2017,GORBIO (06),6067,Tous secteurs,Toutes énergies,co2,10889634,kg
2017,GORDES (84),84050,Tous secteurs,Toutes énergies,co2,13663437.2,kg
2017,GOULT (84),84051,Tous secteurs,Toutes énergies,co2,10625949.5,kg
2017,GOURDON (06),6068,Tous secteurs,Toutes énergies,co2,2941785.4,kg
2017,GRAMBOIS (84),84052,Tous secteurs,Toutes énergies,co2,4965947.3,kg
2017,GRANS (13),13044,Tous secteurs,Toutes énergies,co2,35091731.6,kg
2017,GRASSE (06),6069,Tous secteurs,Toutes énergies,co2,161276680.2,kg
2017,GRAVESON (13),13045,Tous secteurs,Toutes énergies,co2,13327817.6,kg
2017,GRÉASQUE (13),13046,Tous secteurs,Toutes énergies,co2,8325901.2,kg
2017,GRÉOLIÈRES (06),6070,Tous secteurs,Toutes énergies,co2,4949926.6,kg
2017,GRÉOUX-LES-BAINS (04),4094,Tous secteurs,Toutes énergies,co2,13444497.7,kg
2017,GRILLON (84),84053,Tous secteurs,Toutes énergies,co2,6029318,kg
2017,GRIMAUD (83),83068,Tous secteurs,Toutes énergies,co2,35270755.8,kg
2017,GUILLAUMES (06),6071,Tous secteurs,Toutes énergies,co2,3932273.3,kg
2017,GUILLESTRE (05),5065,Tous secteurs,Toutes énergies,co2,13838901.9,kg
2017,HAUTES-DUYES (04),4177,Tous secteurs,Toutes énergies,co2,326079,kg
2017,HYÈRES (83),83069,Tous secteurs,Toutes énergies,co2,220798130,kg
2017,ILONSE (06),6072,Tous secteurs,Toutes énergies,co2,1156820.9,kg
2017,ISOLA (06),6073,Tous secteurs,Toutes énergies,co2,6800500.9,kg
2017,ISTRES (13),13047,Tous secteurs,Toutes énergies,co2,159875548.8,kg
2017,JARJAYES (05),5068,Tous secteurs,Toutes énergies,co2,6263319.4,kg
2017,JAUSIERS (04),4096,Tous secteurs,Toutes énergies,co2,3767851.4,kg
2017,JONQUERETTES (84),84055,Tous secteurs,Toutes énergies,co2,3081928.1,kg
2017,JONQUIÈRES (84),84056,Tous secteurs,Toutes énergies,co2,12032621,kg
2017,JOUCAS (84),84057,Tous secteurs,Toutes énergies,co2,1931578.5,kg
2017,JOUQUES (13),13048,Tous secteurs,Toutes énergies,co2,30913474.8,kg
2017,LA BARBEN (13),13009,Tous secteurs,Toutes énergies,co2,7628702,kg
2017,LA BASTIDE (83),83013,Tous secteurs,Toutes énergies,co2,1434893.3,kg
2017,LA BASTIDE-DES-JOURDANS (84),84009,Tous secteurs,Toutes énergies,co2,3418325.4,kg
2017,LA BASTIDONNE (84),84010,Tous secteurs,Toutes énergies,co2,55000649.4,kg
2017,LA BÂTIE-MONTSALÉON (05),5016,Tous secteurs,Toutes énergies,co2,4655244.8,kg
2017,LA BÂTIE-NEUVE (05),5017,Tous secteurs,Toutes énergies,co2,12783027.6,kg
2017,LA BÂTIE-VIEILLE (05),5018,Tous secteurs,Toutes énergies,co2,1022118.6,kg
2017,LA BEAUME (05),5019,Tous secteurs,Toutes énergies,co2,1608577.3,kg
2017,LA BOLLÈNE-VÉSUBIE (06),6020,Tous secteurs,Toutes énergies,co2,2498135.8,kg
2017,LA BOUILLADISSE (13),13016,Tous secteurs,Toutes énergies,co2,13003798.1,kg
2017,LA BRÉOLE (04),4033,Tous secteurs,Toutes énergies,co2,7951092.8,kg
2017,LA BRIGUE (06),6162,Tous secteurs,Toutes énergies,co2,2298479,kg
2017,LA BRILLANNE (04),4034,Tous secteurs,Toutes énergies,co2,11210175.4,kg
2017,LA CADIÈRE-D'AZUR (83),83027,Tous secteurs,Toutes énergies,co2,38067699.9,kg
2017,LA CELLE (83),83037,Tous secteurs,Toutes énergies,co2,6689380.4,kg
2017,LA CHAPELLE-EN-VALGAUDÉMAR (05),5064,Tous secteurs,Toutes énergies,co2,1235454.6,kg
2017,LA CIOTAT (13),13028,Tous secteurs,Toutes énergies,co2,145739702,kg
2017,LA COLLE-SUR-LOUP (06),6044,Tous secteurs,Toutes énergies,co2,31393139.1,kg
2017,LA CONDAMINE-CHÂTELARD (04),4062,Tous secteurs,Toutes énergies,co2,1501793.9,kg
2017,LACOSTE (84),84058,Tous secteurs,Toutes énergies,co2,1747524.4,kg
2017,LA CRAU (83),83047,Tous secteurs,Toutes énergies,co2,55762719.5,kg
2017,LA CROIX-SUR-ROUDOULE (06),6051,Tous secteurs,Toutes énergies,co2,996536,kg
2017,LA CROIX-VALMER (83),83048,Tous secteurs,Toutes énergies,co2,34492389.5,kg
2017,LA DESTROUSSE (13),13031,Tous secteurs,Toutes énergies,co2,14003379.4,kg
2017,LAFARE (84),84059,Tous secteurs,Toutes énergies,co2,637506.7,kg
2017,LA FARE-EN-CHAMPSAUR (05),5054,Tous secteurs,Toutes énergies,co2,3023180.6,kg
2017,LA FARE-LES-OLIVIERS (13),13037,Tous secteurs,Toutes énergies,co2,110049530.6,kg
2017,LA FARLÈDE (83),83054,Tous secteurs,Toutes énergies,co2,47853562.8,kg
2017,LA FAURIE (05),5055,Tous secteurs,Toutes énergies,co2,2787682.2,kg
2017,LA FREISSINOUSE (05),5059,Tous secteurs,Toutes énergies,co2,3727473.2,kg
2017,LA GARDE (04),4092,Tous secteurs,Toutes énergies,co2,2447952.8,kg
2017,LA GARDE (83),83062,Tous secteurs,Toutes énergies,co2,149109783.2,kg
2017,LAGARDE-D'APT (84),84060,Tous secteurs,Toutes énergies,co2,638580.8,kg
2017,LA GARDE-FREINET (83),83063,Tous secteurs,Toutes énergies,co2,9956088,kg
2017,LAGARDE-PARÉOL (84),84061,Tous secteurs,Toutes énergies,co2,1062514.8,kg
2017,LA GAUDE (06),6065,Tous secteurs,Toutes énergies,co2,24101839.1,kg
2017,LAGNES (84),84062,Tous secteurs,Toutes énergies,co2,7876949.2,kg
2017,LA GRAVE (05),5063,Tous secteurs,Toutes énergies,co2,4859577.5,kg
2017,LA HAUTE-BEAUME (05),5066,Tous secteurs,Toutes énergies,co2,298224.9,kg
2017,LA JAVIE (04),4097,Tous secteurs,Toutes énergies,co2,1466565.6,kg
2017,LA LONDE-LES-MAURES (83),83071,Tous secteurs,Toutes énergies,co2,117815369,kg
2017,LAMANON (13),13049,Tous secteurs,Toutes énergies,co2,92493526.2,kg
2017,LA MARTRE (83),83074,Tous secteurs,Toutes énergies,co2,1390871.3,kg
2017,LAMBESC (13),13050,Tous secteurs,Toutes énergies,co2,24563890.3,kg
2017,LAMBRUISSE (04),4099,Tous secteurs,Toutes énergies,co2,350457.8,kg
2017,LA MÔLE (83),83079,Tous secteurs,Toutes énergies,co2,6753209.6,kg
2017,LA MOTTE (83),83085,Tous secteurs,Toutes énergies,co2,13429895,kg
2017,LA MOTTE-D'AIGUES (84),84084,Tous secteurs,Toutes énergies,co2,6009376.3,kg
2017,LA MOTTE-DU-CAIRE (04),4134,Tous secteurs,Toutes énergies,co2,1719865.5,kg
2017,LA MOTTE-DU-RHONE (84),84063,Tous secteurs,Toutes énergies,co2,9660525,kg
2017,LA MOTTE-EN-CHAMPSAUR (05),5090,Tous secteurs,Toutes énergies,co2,819039.6,kg
2017,LA MURE-ARGENS (04),4136,Tous secteurs,Toutes énergies,co2,1749828.2,kg
2017,LANÇON-PROVENCE (13),13051,Tous secteurs,Toutes énergies,co2,158086870.8,kg
2017,LANTOSQUE (06),6074,Tous secteurs,Toutes énergies,co2,6012068.2,kg
2017,LAPALUD (84),84064,Tous secteurs,Toutes énergies,co2,15936411.9,kg
2017,LA PALUD-SUR-VERDON (04),4144,Tous secteurs,Toutes énergies,co2,3766126.2,kg
2017,LA PENNE (06),6093,Tous secteurs,Toutes énergies,co2,1629243.9,kg
2017,LA PENNE-SUR-HUVEAUNE (13),13070,Tous secteurs,Toutes énergies,co2,17749499.5,kg
2017,LA PIARRE (05),5102,Tous secteurs,Toutes énergies,co2,472618.3,kg
2017,LARAGNE-MONTÉGLIN (05),5070,Tous secteurs,Toutes énergies,co2,13481233.2,kg
2017,LARDIER-ET-VALENÇA (05),5071,Tous secteurs,Toutes énergies,co2,4083259.7,kg
2017,LARDIERS (04),4101,Tous secteurs,Toutes énergies,co2,360228.4,kg
2017,L' ARGENTIÈRE-LA-BESSÉE (05),5006,Tous secteurs,Toutes énergies,co2,10914943.9,kg
2017,LA ROBINE-SUR-GALABRE (04),4167,Tous secteurs,Toutes énergies,co2,1782973.5,kg
2017,LA ROCHE-DE-RAME (05),5122,Tous secteurs,Toutes énergies,co2,6145810.6,kg
2017,LA ROCHE-DES-ARNAUDS (05),5123,Tous secteurs,Toutes énergies,co2,8912472,kg
2017,LA ROCHEGIRON (04),4169,Tous secteurs,Toutes énergies,co2,505894.5,kg
2017,LA ROCHETTE (04),4170,Tous secteurs,Toutes énergies,co2,296800.5,kg
2017,LA ROCHETTE (05),5124,Tous secteurs,Toutes énergies,co2,4299320.9,kg
2017,LA ROQUE-ALRIC (84),84100,Tous secteurs,Toutes énergies,co2,807416.6,kg
2017,LA ROQUEBRUSSANNE (83),83108,Tous secteurs,Toutes énergies,co2,11252596.5,kg
2017,LA ROQUE-D'ANTHÉRON (13),13084,Tous secteurs,Toutes énergies,co2,10134704,kg
2017,LA ROQUE-ESCLAPON (83),83109,Tous secteurs,Toutes énergies,co2,669390.4,kg
2017,LA ROQUE-SUR-PERNES (84),84101,Tous secteurs,Toutes énergies,co2,1356700.2,kg
2017,LA ROQUETTE-SUR-SIAGNE (06),6108,Tous secteurs,Toutes énergies,co2,15182856.2,kg
2017,LA ROQUETTE-SUR-VAR (06),6109,Tous secteurs,Toutes énergies,co2,4558841.7,kg
2017,LA SALLE-LES-ALPES (05),5161,Tous secteurs,Toutes énergies,co2,8576992.5,kg
2017,LA SAULCE (05),5162,Tous secteurs,Toutes énergies,co2,10965978.9,kg
2017,LA SEYNE-SUR-MER (83),83126,Tous secteurs,Toutes énergies,co2,157813967.4,kg
2017,LA TOUR (06),6144,Tous secteurs,Toutes énergies,co2,2363023.9,kg
2017,LA TOUR-D'AIGUES (84),84133,Tous secteurs,Toutes énergies,co2,13405417.4,kg
2017,LA TRINITÉ (06),6149,Tous secteurs,Toutes énergies,co2,83252013.2,kg
2017,LA TURBIE (06),6150,Tous secteurs,Toutes énergies,co2,34323513.4,kg
2017,LAURIS (84),84065,Tous secteurs,Toutes énergies,co2,8318787.6,kg
2017,LA VALETTE-DU-VAR (83),83144,Tous secteurs,Toutes énergies,co2,91396966.6,kg
2017,LA VERDIÈRE (83),83146,Tous secteurs,Toutes énergies,co2,4955579.8,kg
2017,LAYE (05),5072,Tous secteurs,Toutes énergies,co2,2889011.8,kg
2017,LAZER (05),5073,Tous secteurs,Toutes énergies,co2,2080393.5,kg
2017,LE BARROUX (84),84008,Tous secteurs,Toutes énergies,co2,3772067.6,kg
2017,LE BAR-SUR-LOUP (06),6010,Tous secteurs,Toutes énergies,co2,16302823.2,kg
2017,LE BEAUCET (84),84011,Tous secteurs,Toutes énergies,co2,1660077.3,kg
2017,LE BEAUSSET (83),83016,Tous secteurs,Toutes énergies,co2,20962646.1,kg
2017,LE BERSAC (05),5021,Tous secteurs,Toutes énergies,co2,1276161.3,kg
2017,LE BOURGUET (83),83020,Tous secteurs,Toutes énergies,co2,190626,kg
2017,LE BROC (06),6025,Tous secteurs,Toutes énergies,co2,5640815.5,kg
2017,LE BRUSQUET (04),4036,Tous secteurs,Toutes énergies,co2,2317193.3,kg
2017,LE CAIRE (04),4037,Tous secteurs,Toutes énergies,co2,449239.4,kg
2017,LE CANNET (06),6030,Tous secteurs,Toutes énergies,co2,99359680.5,kg
2017,LE CANNET-DES-MAURES (83),83031,Tous secteurs,Toutes énergies,co2,196845901.1,kg
2017,LE CASTELLARD-MÉLAN (04),4040,Tous secteurs,Toutes énergies,co2,4208820.7,kg
2017,LE CASTELLET (04),4041,Tous secteurs,Toutes énergies,co2,1297712.9,kg
2017,LE CASTELLET (83),83035,Tous secteurs,Toutes énergies,co2,50754592.6,kg
2017,LE CHAFFAUT-SAINT-JURSON (04),4046,Tous secteurs,Toutes énergies,co2,3510198.9,kg
2017,LE FUGERET (04),4090,Tous secteurs,Toutes énergies,co2,923076.6,kg
2017,LE GLAIZIL (05),5062,Tous secteurs,Toutes énergies,co2,733742.5,kg
2017,LE LAUZET-UBAYE (04),4102,Tous secteurs,Toutes énergies,co2,3946785.1,kg
2017,LE LAVANDOU (83),83070,Tous secteurs,Toutes énergies,co2,20588847.8,kg
2017,LE LUC (83),83073,Tous secteurs,Toutes énergies,co2,57308029,kg
2017,LE MAS (06),6081,Tous secteurs,Toutes énergies,co2,7654555.6,kg
2017,LE MONÊTIER-LES-BAINS (05),5079,Tous secteurs,Toutes énergies,co2,14203244,kg
2017,LE MUY (83),83086,Tous secteurs,Toutes énergies,co2,77560968.5,kg
2017,LE NOYER (05),5095,Tous secteurs,Toutes énergies,co2,2426183.7,kg
2017,L' ÉPINE (05),5048,Tous secteurs,Toutes énergies,co2,2265642.9,kg
2017,LE PLAN-DE-LA-TOUR (83),83094,Tous secteurs,Toutes énergies,co2,8008199.5,kg
2017,LE POËT (05),5103,Tous secteurs,Toutes énergies,co2,9475807.1,kg
2017,LE PONTET (84),84092,Tous secteurs,Toutes énergies,co2,134428338.4,kg
2017,LE PRADET (83),83098,Tous secteurs,Toutes énergies,co2,25885602.4,kg
2017,LE PUY-SAINTE-RÉPARADE (13),13080,Tous secteurs,Toutes énergies,co2,16338555.5,kg
2017,LE REVEST-LES-EAUX (83),83103,Tous secteurs,Toutes énergies,co2,24769872.6,kg
2017,LE ROURET (06),6112,Tous secteurs,Toutes énergies,co2,8342954.9,kg
2017,LE ROVE (13),13088,Tous secteurs,Toutes énergies,co2,31395968.2,kg
2017,LES ADRETS-DE-L'ESTÉREL (83),83001,Tous secteurs,Toutes énergies,co2,77775615.4,kg
2017,LE SAIX (05),5158,Tous secteurs,Toutes énergies,co2,602556,kg
2017,LES ARCS (83),83004,Tous secteurs,Toutes énergies,co2,71191718.6,kg
2017,LE SAUZE-DU-LAC (05),5163,Tous secteurs,Toutes énergies,co2,821343,kg
2017,LES BAUX-DE-PROVENCE (13),13011,Tous secteurs,Toutes énergies,co2,4915724.7,kg
2017,L' ESCALE (04),4079,Tous secteurs,Toutes énergies,co2,5424732.3,kg
2017,L'ESCARÈNE (06),6057,Tous secteurs,Toutes énergies,co2,7236061.4,kg
2017,LES FERRES (06),6061,Tous secteurs,Toutes énergies,co2,265181.8,kg
2017,LES MAYONS (83),83075,Tous secteurs,Toutes énergies,co2,1191110.6,kg
2017,LES MÉES (04),4116,Tous secteurs,Toutes énergies,co2,8025731.5,kg
2017,LES MUJOULS (06),6087,Tous secteurs,Toutes énergies,co2,316877.1,kg
2017,LES OMERGUES (04),4140,Tous secteurs,Toutes énergies,co2,1081368.5,kg
2017,LES ORRES (05),5098,Tous secteurs,Toutes énergies,co2,5672882.6,kg
2017,LES PENNES-MIRABEAU (13),13071,Tous secteurs,Toutes énergies,co2,262802612.8,kg
2017,LES SALLES-SUR-VERDON (83),83122,Tous secteurs,Toutes énergies,co2,1347279.1,kg
2017,LES THUILES (04),4220,Tous secteurs,Toutes énergies,co2,1629796,kg
2017,LES VIGNEAUX (05),5180,Tous secteurs,Toutes énergies,co2,2932916.7,kg
2017,LE THOLONET (13),13109,Tous secteurs,Toutes énergies,co2,30022811.8,kg
2017,LE THOR (84),84132,Tous secteurs,Toutes énergies,co2,34553720.9,kg
2017,LE THORONET (83),83136,Tous secteurs,Toutes énergies,co2,7255362.4,kg
2017,LE TIGNET (06),6140,Tous secteurs,Toutes énergies,co2,7492278.4,kg
2017,LETTRET (05),5074,Tous secteurs,Toutes énergies,co2,1417332,kg
2017,LE VAL (83),83143,Tous secteurs,Toutes énergies,co2,10807336.4,kg
2017,LEVENS (06),6075,Tous secteurs,Toutes énergies,co2,11837589.3,kg
2017,LE VERNET (04),4237,Tous secteurs,Toutes énergies,co2,980156.3,kg
2017,L' HOSPITALET (04),4095,Tous secteurs,Toutes énergies,co2,371165.5,kg
2017,LIEUCHE (06),6076,Tous secteurs,Toutes énergies,co2,50931.7,kg
2017,LIMANS (04),4104,Tous secteurs,Toutes énergies,co2,1222236.8,kg
2017,LIOUX (84),84066,Tous secteurs,Toutes énergies,co2,4827231.2,kg
2017,L' ISLE-SUR-LA-SORGUE (84),84054,Tous secteurs,Toutes énergies,co2,77387823.5,kg
2017,LORGUES (83),83072,Tous secteurs,Toutes énergies,co2,23857237.3,kg
2017,LORIOL-DU-COMTAT (84),84067,Tous secteurs,Toutes énergies,co2,9375547.6,kg
2017,LOURMARIN (84),84068,Tous secteurs,Toutes énergies,co2,5492998.6,kg
2017,LUCÉRAM (06),6077,Tous secteurs,Toutes énergies,co2,10881461.4,kg
2017,LURS (04),4106,Tous secteurs,Toutes énergies,co2,10029311.5,kg
2017,MAILLANE (13),13052,Tous secteurs,Toutes énergies,co2,5536818.3,kg
2017,MAJASTRES (04),4107,Tous secteurs,Toutes énergies,co2,41412.4,kg
2017,MALAUCÈNE (84),84069,Tous secteurs,Toutes énergies,co2,9824261,kg
2017,MALAUSSÈNE (06),6078,Tous secteurs,Toutes énergies,co2,6042539.7,kg
2017,MALEMORT-DU-COMTAT (84),84070,Tous secteurs,Toutes énergies,co2,3548260,kg
2017,MALIJAI (04),4108,Tous secteurs,Toutes énergies,co2,17169354.3,kg
2017,MALLEFOUGASSE-AUGÈS (04),4109,Tous secteurs,Toutes énergies,co2,2051758,kg
2017,MALLEMOISSON (04),4110,Tous secteurs,Toutes énergies,co2,4920466.9,kg
2017,MALLEMORT (13),13053,Tous secteurs,Toutes énergies,co2,30783805.4,kg
2017,MANDELIEU-LA-NAPOULE (06),6079,Tous secteurs,Toutes énergies,co2,120403475.4,kg
2017,MANE (04),4111,Tous secteurs,Toutes énergies,co2,4728531.4,kg
2017,MANOSQUE (04),4112,Tous secteurs,Toutes énergies,co2,113622740.8,kg
2017,MANTEYER (05),5075,Tous secteurs,Toutes énergies,co2,1559846.3,kg
2017,MARCOUX (04),4113,Tous secteurs,Toutes énergies,co2,2217281,kg
2017,MARIE (06),6080,Tous secteurs,Toutes énergies,co2,1012651.7,kg
2017,MARIGNANE (13),13054,Tous secteurs,Toutes énergies,co2,158607952.1,kg
2017,MARSEILLE (13),13055,Tous secteurs,Toutes énergies,co2,2062603841,kg
2017,MARTIGUES (13),13056,Tous secteurs,Toutes énergies,co2,4136487103,kg
2017,MAS-BLANC-DES-ALPILLES (13),13057,Tous secteurs,Toutes énergies,co2,1882783.9,kg
2017,MASSOINS (06),6082,Tous secteurs,Toutes énergies,co2,902456.3,kg
2017,MAUBEC (84),84071,Tous secteurs,Toutes énergies,co2,22026879,kg
2017,MAUSSANE-LES-ALPILLES (13),13058,Tous secteurs,Toutes énergies,co2,10701121.1,kg
2017,MAZAN (84),84072,Tous secteurs,Toutes énergies,co2,18215398.8,kg
2017,MAZAUGUES (83),83076,Tous secteurs,Toutes énergies,co2,2964777.1,kg
2017,MÉAILLES (04),4115,Tous secteurs,Toutes énergies,co2,1169240.8,kg
2017,MELVE (04),4118,Tous secteurs,Toutes énergies,co2,410177.9,kg
2017,MÉNERBES (84),84073,Tous secteurs,Toutes énergies,co2,4089356.3,kg
2017,MENTON (06),6083,Tous secteurs,Toutes énergies,co2,87894743.9,kg
2017,MÉOLANS-REVEL (04),4161,Tous secteurs,Toutes énergies,co2,2862818.4,kg
2017,MÉOUNES-LÈS-MONTRIEUX (83),83077,Tous secteurs,Toutes énergies,co2,21584832.7,kg
2017,MÉREUIL (05),5076,Tous secteurs,Toutes énergies,co2,779014.7,kg
2017,MÉRINDOL (84),84074,Tous secteurs,Toutes énergies,co2,8876852.6,kg
2017,MÉTHAMIS (84),84075,Tous secteurs,Toutes énergies,co2,2260062.2,kg
2017,MEYRARGUES (13),13059,Tous secteurs,Toutes énergies,co2,56813518,kg
2017,MEYREUIL (13),13060,Tous secteurs,Toutes énergies,co2,74966082.3,kg
2017,MEYRONNES (04),4120,Tous secteurs,Toutes énergies,co2,5339098.7,kg
2017,MÉZEL (04),4121,Tous secteurs,Toutes énergies,co2,2081905.2,kg
2017,MIMET (13),13062,Tous secteurs,Toutes énergies,co2,8037075.2,kg
2017,MIRABEAU (04),4122,Tous secteurs,Toutes énergies,co2,3848789.2,kg
2017,MIRABEAU (84),84076,Tous secteurs,Toutes énergies,co2,5806767.9,kg
2017,MIRAMAS (13),13063,Tous secteurs,Toutes énergies,co2,49294145.7,kg
2017,MISON (04),4123,Tous secteurs,Toutes énergies,co2,4955177.1,kg
2017,MODÈNE (84),84077,Tous secteurs,Toutes énergies,co2,1183402.1,kg
2017,MOISSAC-BELLEVUE (83),83078,Tous secteurs,Toutes énergies,co2,1382389.9,kg
2017,MOLINES-EN-QUEYRAS (05),5077,Tous secteurs,Toutes énergies,co2,6010717.5,kg
2017,MOLLÉGÈS (13),13064,Tous secteurs,Toutes énergies,co2,6173944.8,kg
2017,MONDRAGON (84),84078,Tous secteurs,Toutes énergies,co2,85687882,kg
2017,MONÊTIER-ALLEMONT (05),5078,Tous secteurs,Toutes énergies,co2,5559500.5,kg
2017,MONIEUX (84),84079,Tous secteurs,Toutes énergies,co2,5581580.1,kg
2017,MONS (83),83080,Tous secteurs,Toutes énergies,co2,3215290.9,kg
2017,MONTAGNAC-MONTPEZAT (04),4124,Tous secteurs,Toutes énergies,co2,1636463.8,kg
2017,MONTAUROUX (83),83081,Tous secteurs,Toutes énergies,co2,17205476.7,kg
2017,MONTBRAND (05),5080,Tous secteurs,Toutes énergies,co2,1434461.2,kg
2017,MONTCLAR (04),4126,Tous secteurs,Toutes énergies,co2,2174747,kg
2017,MONTCLUS (05),5081,Tous secteurs,Toutes énergies,co2,1528572.7,kg
2017,MONT-DAUPHIN (05),5082,Tous secteurs,Toutes énergies,co2,549540.7,kg
2017,MONTEUX (84),84080,Tous secteurs,Toutes énergies,co2,52550738.6,kg
2017,MONTFERRAT (83),83082,Tous secteurs,Toutes énergies,co2,3339853.7,kg
2017,MONTFORT (04),4127,Tous secteurs,Toutes énergies,co2,4926981.7,kg
2017,MONTFORT-SUR-ARGENS (83),83083,Tous secteurs,Toutes énergies,co2,2867882.1,kg
2017,MONTFURON (04),4128,Tous secteurs,Toutes énergies,co2,3811801.5,kg
2017,MONTGARDIN (05),5084,Tous secteurs,Toutes énergies,co2,5401698.5,kg
2017,MONTGENÈVRE (05),5085,Tous secteurs,Toutes énergies,co2,9544708.1,kg
2017,MONTJAY (05),5086,Tous secteurs,Toutes énergies,co2,861243.1,kg
2017,MONTJUSTIN (04),4129,Tous secteurs,Toutes énergies,co2,487453.5,kg
2017,MONTLAUX (04),4130,Tous secteurs,Toutes énergies,co2,942747.7,kg
2017,MONTMAUR (05),5087,Tous secteurs,Toutes énergies,co2,5721194.3,kg
2017,MONTMEYAN (83),83084,Tous secteurs,Toutes énergies,co2,3586692.5,kg
2017,MONTROND (05),5089,Tous secteurs,Toutes énergies,co2,2255913.1,kg
2017,MONTSALIER (04),4132,Tous secteurs,Toutes énergies,co2,428165.7,kg
2017,MORIÈRES-LÈS-AVIGNON (84),84081,Tous secteurs,Toutes énergies,co2,50174399,kg
2017,MORIEZ (04),4133,Tous secteurs,Toutes énergies,co2,1578126.9,kg
2017,MORMOIRON (84),84082,Tous secteurs,Toutes énergies,co2,5218983.2,kg
2017,MORNAS (84),84083,Tous secteurs,Toutes énergies,co2,50400525.9,kg
2017,MOUANS-SARTOUX (06),6084,Tous secteurs,Toutes énergies,co2,38848503.2,kg
2017,MOUGINS (06),6085,Tous secteurs,Toutes énergies,co2,169683778.3,kg
2017,MOULINET (06),6086,Tous secteurs,Toutes énergies,co2,1232056.1,kg
2017,MOURIÈS (13),13065,Tous secteurs,Toutes énergies,co2,8319075.6,kg
2017,MOUSTIERS-SAINTE-MARIE (04),4135,Tous secteurs,Toutes énergies,co2,14653093,kg
2017,MOYDANS (05),5091,Tous secteurs,Toutes énergies,co2,2078534.4,kg
2017,MURS (84),84085,Tous secteurs,Toutes énergies,co2,5195883.5,kg
2017,NANS-LES-PINS (83),83087,Tous secteurs,Toutes énergies,co2,15381818.8,kg
2017,NEFFES (05),5092,Tous secteurs,Toutes énergies,co2,3908035.5,kg
2017,NÉOULES (83),83088,Tous secteurs,Toutes énergies,co2,5430871.5,kg
2017,NÉVACHE (05),5093,Tous secteurs,Toutes énergies,co2,4008416.6,kg
2017,NIBLES (04),4137,Tous secteurs,Toutes énergies,co2,1428397.8,kg
2017,NICE (06),6088,Tous secteurs,Toutes énergies,co2,1111461745,kg
2017,NIOZELLES (04),4138,Tous secteurs,Toutes énergies,co2,892007.8,kg
2017,NOSSAGE-ET-BÉNÉVENT (05),5094,Tous secteurs,Toutes énergies,co2,152227.5,kg
2017,NOVES (13),13066,Tous secteurs,Toutes énergies,co2,31818638.5,kg
2017,NOYERS-SUR-JABRON (04),4139,Tous secteurs,Toutes énergies,co2,3872019.7,kg
2017,OLLIÈRES (83),83089,Tous secteurs,Toutes énergies,co2,13154258.5,kg
2017,OLLIOULES (83),83090,Tous secteurs,Toutes énergies,co2,69744514.9,kg
2017,ONGLES (04),4141,Tous secteurs,Toutes énergies,co2,1715357.3,kg
2017,OPIO (06),6089,Tous secteurs,Toutes énergies,co2,13561059.9,kg
2017,OPPÈDE (84),84086,Tous secteurs,Toutes énergies,co2,4386631.5,kg
2017,OPPEDETTE (04),4142,Tous secteurs,Toutes énergies,co2,363850.5,kg
2017,ORAISON (04),4143,Tous secteurs,Toutes énergies,co2,11662551.8,kg
2017,ORANGE (84),84087,Tous secteurs,Toutes énergies,co2,265873476.8,kg
2017,ORCIÈRES (05),5096,Tous secteurs,Toutes énergies,co2,5577106.2,kg
2017,ORGON (13),13067,Tous secteurs,Toutes énergies,co2,57885436.3,kg
2017,ORPIERRE (05),5097,Tous secteurs,Toutes énergies,co2,1928795,kg
2017,OZE (05),5099,Tous secteurs,Toutes énergies,co2,3000204.7,kg
2017,PARADOU (13),13068,Tous secteurs,Toutes énergies,co2,4160826.6,kg
2017,PÉGOMAS (06),6090,Tous secteurs,Toutes énergies,co2,16354640.6,kg
2017,PEILLE (06),6091,Tous secteurs,Toutes énergies,co2,8883412.2,kg
2017,PEILLON (06),6092,Tous secteurs,Toutes énergies,co2,3928189.4,kg
2017,PEIPIN (04),4145,Tous secteurs,Toutes énergies,co2,7633602.1,kg
2017,PÉLISSANNE (13),13069,Tous secteurs,Toutes énergies,co2,32628301.8,kg
2017,PELLEAUTIER (05),5100,Tous secteurs,Toutes énergies,co2,2358074.7,kg
2017,PELVOUX (05),5101,Tous secteurs,Toutes énergies,co2,7317294.5,kg
2017,PÉONE (06),6094,Tous secteurs,Toutes énergies,co2,4631166.8,kg
2017,PERNES-LES-FONTAINES (84),84088,Tous secteurs,Toutes énergies,co2,38602867.5,kg
2017,PERTUIS (84),84089,Tous secteurs,Toutes énergies,co2,46316382.4,kg
2017,PEYMEINADE (06),6095,Tous secteurs,Toutes énergies,co2,16081169.1,kg
2017,PEYNIER (13),13072,Tous secteurs,Toutes énergies,co2,17417268.9,kg
2017,PEYPIN (13),13073,Tous secteurs,Toutes énergies,co2,21695363.1,kg
2017,PEYPIN-D'AIGUES (84),84090,Tous secteurs,Toutes énergies,co2,1780918.5,kg
2017,PEYROLLES-EN-PROVENCE (13),13074,Tous secteurs,Toutes énergies,co2,24471986.6,kg
2017,PEYROULES (04),4148,Tous secteurs,Toutes énergies,co2,3009081.3,kg
2017,PEYRUIS (04),4149,Tous secteurs,Toutes énergies,co2,19025777.3,kg
2017,PIÉGUT (04),4150,Tous secteurs,Toutes énergies,co2,1153646.6,kg
2017,PIERLAS (06),6096,Tous secteurs,Toutes énergies,co2,309449.6,kg
2017,PIERREFEU (06),6097,Tous secteurs,Toutes énergies,co2,706816.2,kg
2017,PIERREFEU-DU-VAR (83),83091,Tous secteurs,Toutes énergies,co2,64468658.5,kg
2017,PIERRERUE (04),4151,Tous secteurs,Toutes énergies,co2,1939363.4,kg
2017,PIERREVERT (04),4152,Tous secteurs,Toutes énergies,co2,9412433.9,kg
2017,PIGNANS (83),83092,Tous secteurs,Toutes énergies,co2,15345760.3,kg
2017,PIOLENC (84),84091,Tous secteurs,Toutes énergies,co2,66432557.7,kg
2017,PLAN-D'AUPS-SAINTE-BAUME (83),83093,Tous secteurs,Toutes énergies,co2,2896050.3,kg
2017,PLAN-DE-CUQUES (13),13075,Tous secteurs,Toutes énergies,co2,17719556.8,kg
2017,PLAN-D'ORGON (13),13076,Tous secteurs,Toutes énergies,co2,41240976.2,kg
2017,POLIGNY (05),5104,Tous secteurs,Toutes énergies,co2,2399914.1,kg
2017,PONTEVÈS (83),83095,Tous secteurs,Toutes énergies,co2,2664356.6,kg
2017,PONTIS (04),4154,Tous secteurs,Toutes énergies,co2,831091.7,kg
2017,PORT-DE-BOUC (13),13077,Tous secteurs,Toutes énergies,co2,62871538,kg
2017,PORT-SAINT-LOUIS-DU-RHÔNE (13),13078,Tous secteurs,Toutes énergies,co2,28750066.5,kg
2017,POURCIEUX (83),83096,Tous secteurs,Toutes énergies,co2,29863048.1,kg
2017,POURRIÈRES (83),83097,Tous secteurs,Toutes énergies,co2,39150550.7,kg
2017,PRADS-HAUTE-BLÉONE (04),4155,Tous secteurs,Toutes énergies,co2,980614.9,kg
2017,PRUNIÈRES (05),5106,Tous secteurs,Toutes énergies,co2,6417223.3,kg
2017,PUGET (84),84093,Tous secteurs,Toutes énergies,co2,3488862.8,kg
2017,PUGET-ROSTANG (06),6098,Tous secteurs,Toutes énergies,co2,453948.8,kg
2017,PUGET-SUR-ARGENS (83),83099,Tous secteurs,Toutes énergies,co2,71044153,kg
2017,PUGET-THÉNIERS (06),6099,Tous secteurs,Toutes énergies,co2,7148130.7,kg
2017,PUGET-VILLE (83),83100,Tous secteurs,Toutes énergies,co2,23390458.4,kg
2017,PUIMICHEL (04),4156,Tous secteurs,Toutes énergies,co2,1865679.4,kg
2017,PUIMOISSON (04),4157,Tous secteurs,Toutes énergies,co2,3323613.9,kg
2017,PUYLOUBIER (13),13079,Tous secteurs,Toutes énergies,co2,7882853.5,kg
2017,PUYMERAS (84),84094,Tous secteurs,Toutes énergies,co2,2818379.1,kg
2017,PUY-SAINT-ANDRÉ (05),5107,Tous secteurs,Toutes énergies,co2,1545577.7,kg
2017,PUY-SAINT-EUSÈBE (05),5108,Tous secteurs,Toutes énergies,co2,1501653,kg
2017,PUY-SAINT-PIERRE (05),5109,Tous secteurs,Toutes énergies,co2,1834449.2,kg
2017,PUY-SAINT-VINCENT (05),5110,Tous secteurs,Toutes énergies,co2,3277140.8,kg
2017,PUY-SANIÈRES (05),5111,Tous secteurs,Toutes énergies,co2,1182855.3,kg
2017,PUYVERT (84),84095,Tous secteurs,Toutes énergies,co2,2998697,kg
2017,QUINSON (04),4158,Tous secteurs,Toutes énergies,co2,1191143.5,kg
2017,RABOU (05),5112,Tous secteurs,Toutes énergies,co2,403186.5,kg
2017,RAMATUELLE (83),83101,Tous secteurs,Toutes énergies,co2,13967468.5,kg
2017,RAMBAUD (05),5113,Tous secteurs,Toutes énergies,co2,986598.2,kg
2017,RASTEAU (84),84096,Tous secteurs,Toutes énergies,co2,3738224.1,kg
2017,RAYOL-CANADEL-SUR-MER (83),83152,Tous secteurs,Toutes énergies,co2,4563909.9,kg
2017,RÉALLON (05),5114,Tous secteurs,Toutes énergies,co2,1564790.7,kg
2017,REDORTIERS (04),4159,Tous secteurs,Toutes énergies,co2,943173,kg
2017,RÉGUSSE (83),83102,Tous secteurs,Toutes énergies,co2,4325485.9,kg
2017,REILLANNE (04),4160,Tous secteurs,Toutes énergies,co2,9181038.3,kg
2017,REMOLLON (05),5115,Tous secteurs,Toutes énergies,co2,2396617,kg
2017,RÉOTIER (05),5116,Tous secteurs,Toutes énergies,co2,881302,kg
2017,REVEST-DES-BROUSSES (04),4162,Tous secteurs,Toutes énergies,co2,4903637.2,kg
2017,REVEST-DU-BION (04),4163,Tous secteurs,Toutes énergies,co2,2201597.2,kg
2017,REVEST-LES-ROCHES (06),6100,Tous secteurs,Toutes énergies,co2,710883.9,kg
2017,REVEST-SAINT-MARTIN (04),4164,Tous secteurs,Toutes énergies,co2,337242.2,kg
2017,RIANS (83),83104,Tous secteurs,Toutes énergies,co2,14825693.5,kg
2017,RIBEYRET (05),5117,Tous secteurs,Toutes énergies,co2,2564668.2,kg
2017,RIBIERS (05),5118,Tous secteurs,Toutes énergies,co2,6188339.9,kg
2017,RIBOUX (83),83105,Tous secteurs,Toutes énergies,co2,170595.6,kg
2017,RICHERENCHES (84),84097,Tous secteurs,Toutes énergies,co2,2571108.7,kg
2017,RIEZ (04),4166,Tous secteurs,Toutes énergies,co2,7415645.5,kg
2017,RIGAUD (06),6101,Tous secteurs,Toutes énergies,co2,4201959.9,kg
2017,RIMPLAS (06),6102,Tous secteurs,Toutes énergies,co2,1646635.5,kg
2017,RISOUL (05),5119,Tous secteurs,Toutes énergies,co2,5576914.3,kg
2017,RISTOLAS (05),5120,Tous secteurs,Toutes énergies,co2,1550128.6,kg
2017,ROAIX (84),84098,Tous secteurs,Toutes énergies,co2,3046336,kg
2017,ROBION (84),84099,Tous secteurs,Toutes énergies,co2,14857419.7,kg
2017,ROCBARON (83),83106,Tous secteurs,Toutes énergies,co2,13714217.2,kg
2017,ROCHEBRUNE (05),5121,Tous secteurs,Toutes énergies,co2,837213.3,kg
2017,ROGNAC (13),13081,Tous secteurs,Toutes énergies,co2,110766864.2,kg
2017,ROGNES (13),13082,Tous secteurs,Toutes énergies,co2,15240328.1,kg
2017,ROGNONAS (13),13083,Tous secteurs,Toutes énergies,co2,26616451.6,kg
2017,ROQUEBILLIÈRE (06),6103,Tous secteurs,Toutes énergies,co2,5249155.3,kg
2017,ROQUEBRUNE-CAP-MARTIN (06),6104,Tous secteurs,Toutes énergies,co2,60244565.6,kg
2017,ROQUEBRUNE-SUR-ARGENS (83),83107,Tous secteurs,Toutes énergies,co2,82574684.1,kg
2017,ROQUEFORT-LA-BÉDOULE (13),13085,Tous secteurs,Toutes énergies,co2,38444833.3,kg
2017,ROQUEFORT-LES-PINS (06),6105,Tous secteurs,Toutes énergies,co2,20876959.3,kg
2017,ROQUESTERON (06),6106,Tous secteurs,Toutes énergies,co2,1282709.7,kg
2017,ROQUESTÉRON-GRASSE (06),6107,Tous secteurs,Toutes énergies,co2,208301.7,kg
2017,ROQUEVAIRE (13),13086,Tous secteurs,Toutes énergies,co2,37989532.6,kg
2017,ROSANS (05),5126,Tous secteurs,Toutes énergies,co2,2853485,kg
2017,ROUBION (06),6110,Tous secteurs,Toutes énergies,co2,1134300.5,kg
2017,ROUGIERS (83),83110,Tous secteurs,Toutes énergies,co2,3513639.7,kg
2017,ROUGON (04),4171,Tous secteurs,Toutes énergies,co2,2983364.4,kg
2017,ROUMOULES (04),4172,Tous secteurs,Toutes énergies,co2,2643935.2,kg
2017,ROURE (06),6111,Tous secteurs,Toutes énergies,co2,1540597.6,kg
2017,ROUSSET (05),5127,Tous secteurs,Toutes énergies,co2,1155209.9,kg
2017,ROUSSET (13),13087,Tous secteurs,Toutes énergies,co2,59375066.9,kg
2017,ROUSSILLON (84),84102,Tous secteurs,Toutes énergies,co2,6630354.3,kg
2017,RUSTREL (84),84103,Tous secteurs,Toutes énergies,co2,3369565.8,kg
2017,SABLET (84),84104,Tous secteurs,Toutes énergies,co2,6121523.1,kg
2017,SAIGNON (84),84105,Tous secteurs,Toutes énergies,co2,4934905.9,kg
2017,SAINT-ANDIOL (13),13089,Tous secteurs,Toutes énergies,co2,15381091.5,kg
2017,SAINT-ANDRÉ-DE-LA-ROCHE (06),6114,Tous secteurs,Toutes énergies,co2,11058954.2,kg
2017,SAINT-ANDRÉ-D'EMBRUN (05),5128,Tous secteurs,Toutes énergies,co2,2967119.9,kg
2017,SAINT-ANDRÉ-DE-ROSANS (05),5129,Tous secteurs,Toutes énergies,co2,1413346.1,kg
2017,SAINT-ANDRÉ-LES-ALPES (04),4173,Tous secteurs,Toutes énergies,co2,3724863,kg
2017,SAINT-ANTONIN (06),6115,Tous secteurs,Toutes énergies,co2,257625.1,kg
2017,SAINT-ANTONIN-DU-VAR (83),83154,Tous secteurs,Toutes énergies,co2,2345386.1,kg
2017,SAINT-ANTONIN-SUR-BAYON (13),13090,Tous secteurs,Toutes énergies,co2,2103815.8,kg
2017,SAINT-APOLLINAIRE (05),5130,Tous secteurs,Toutes énergies,co2,700902.3,kg
2017,SAINT-AUBAN (06),6116,Tous secteurs,Toutes énergies,co2,4632968.4,kg
2017,SAINT-AUBAN-D'OZE (05),5131,Tous secteurs,Toutes énergies,co2,435588.2,kg
2017,SAINT-BENOÎT (04),4174,Tous secteurs,Toutes énergies,co2,6545479.3,kg
2017,SAINT-BLAISE (06),6117,Tous secteurs,Toutes énergies,co2,4136558.5,kg
2017,SAINT-BONNET-EN-CHAMPSAUR (05),5132,Tous secteurs,Toutes énergies,co2,6987932.7,kg
2017,SAINT-CANNAT (13),13091,Tous secteurs,Toutes énergies,co2,54101429.2,kg
2017,SAINT-CÉZAIRE-SUR-SIAGNE (06),6118,Tous secteurs,Toutes énergies,co2,11150729.4,kg
2017,SAINT-CHAFFREY (05),5133,Tous secteurs,Toutes énergies,co2,11812253.4,kg
2017,SAINT-CHAMAS (13),13092,Tous secteurs,Toutes énergies,co2,15694806.3,kg
2017,SAINT-CHRISTOL (84),84107,Tous secteurs,Toutes énergies,co2,3097052.3,kg
2017,SAINT-CLÉMENT-SUR-DURANCE (05),5134,Tous secteurs,Toutes énergies,co2,17590759.1,kg
2017,SAINT-CRÉPIN (05),5136,Tous secteurs,Toutes énergies,co2,5599959.4,kg
2017,SAINT-CYR-SUR-MER (83),83112,Tous secteurs,Toutes énergies,co2,36150132.7,kg
2017,SAINT-DALMAS-LE-SELVAGE (06),6119,Tous secteurs,Toutes énergies,co2,940668.9,kg
2017,SAINT-DIDIER (84),84108,Tous secteurs,Toutes énergies,co2,4950151,kg
2017,SAINTE-AGNÈS (06),6113,Tous secteurs,Toutes énergies,co2,8036052.9,kg
2017,SAINTE-ANASTASIE-SUR-ISSOLE (83),83111,Tous secteurs,Toutes énergies,co2,3420104.9,kg
2017,SAINTE-CÉCILE-LES-VIGNES (84),84106,Tous secteurs,Toutes énergies,co2,10930747,kg
2017,SAINTE-COLOMBE (05),5135,Tous secteurs,Toutes énergies,co2,589948.5,kg
2017,SAINTE-CROIX-À-LAUZE (04),4175,Tous secteurs,Toutes énergies,co2,411954.4,kg
2017,SAINTE-CROIX-DU-VERDON (04),4176,Tous secteurs,Toutes énergies,co2,1457798.9,kg
2017,SAINTE-MAXIME (83),83115,Tous secteurs,Toutes énergies,co2,58839014.8,kg
2017,SAINTES-MARIES-DE-LA-MER (13),13096,Tous secteurs,Toutes énergies,co2,25200302.2,kg
2017,SAINT-ESTÈVE-JANSON (13),13093,Tous secteurs,Toutes énergies,co2,2877830.5,kg
2017,SAINT-ÉTIENNE-DE-TINÉE (06),6120,Tous secteurs,Toutes énergies,co2,9163071.4,kg
2017,SAINT-ÉTIENNE-DU-GRÈS (13),13094,Tous secteurs,Toutes énergies,co2,11041193.5,kg
2017,SAINT-ÉTIENNE-EN-DÉVOLUY (05),5139,Tous secteurs,Toutes énergies,co2,11396467.1,kg
2017,SAINT-ÉTIENNE-LE-LAUS (05),5140,Tous secteurs,Toutes énergies,co2,1942392.2,kg
2017,SAINT-ÉTIENNE-LES-ORGUES (04),4178,Tous secteurs,Toutes énergies,co2,4416454.7,kg
2017,SAINTE-TULLE (04),4197,Tous secteurs,Toutes énergies,co2,12603214.2,kg
2017,SAINT-FIRMIN (05),5142,Tous secteurs,Toutes énergies,co2,3455203.2,kg
2017,SAINT-GENIEZ (04),4179,Tous secteurs,Toutes énergies,co2,2788120.3,kg
2017,SAINT-HIPPOLYTE-LE-GRAVEYRON (84),84109,Tous secteurs,Toutes énergies,co2,2255565.2,kg
2017,SAINT-JACQUES (04),4180,Tous secteurs,Toutes énergies,co2,126593.6,kg
2017,SAINT-JACQUES-EN-VALGODEMARD (05),5144,Tous secteurs,Toutes énergies,co2,991713.5,kg
2017,SAINT-JEAN-CAP-FERRAT (06),6121,Tous secteurs,Toutes énergies,co2,9792837.3,kg
2017,SAINT-JEANNET (04),4181,Tous secteurs,Toutes énergies,co2,1001639.4,kg
2017,SAINT-JEANNET (06),6122,Tous secteurs,Toutes énergies,co2,13600633.2,kg
2017,SAINT-JEAN-SAINT-NICOLAS (05),5145,Tous secteurs,Toutes énergies,co2,3825497.9,kg
2017,SAINT-JULIEN (83),83113,Tous secteurs,Toutes énergies,co2,7919176.3,kg
2017,SAINT-JULIEN-D'ASSE (04),4182,Tous secteurs,Toutes énergies,co2,594352.7,kg
2017,SAINT-JULIEN-DU-VERDON (04),4183,Tous secteurs,Toutes énergies,co2,1392342.3,kg
2017,SAINT-JULIEN-EN-BEAUCHÊNE (05),5146,Tous secteurs,Toutes énergies,co2,4642445,kg
2017,SAINT-JULIEN-EN-CHAMPSAUR (05),5147,Tous secteurs,Toutes énergies,co2,1675261.7,kg
2017,SAINT-JURS (04),4184,Tous secteurs,Toutes énergies,co2,416103.6,kg
2017,SAINT-LAURENT-DU-CROS (05),5148,Tous secteurs,Toutes énergies,co2,1749955.4,kg
2017,SAINT-LAURENT-DU-VAR (06),6123,Tous secteurs,Toutes énergies,co2,100104043.8,kg
2017,SAINT-LAURENT-DU-VERDON (04),4186,Tous secteurs,Toutes énergies,co2,359157.3,kg
2017,SAINT-LÉGER (06),6124,Tous secteurs,Toutes énergies,co2,579244.5,kg
2017,SAINT-LEGER-DU-VENTOUX (84),84110,Tous secteurs,Toutes énergies,co2,447655,kg
2017,SAINT-LÉGER-LES-MÉLÈZES (05),5149,Tous secteurs,Toutes énergies,co2,1730600.1,kg
2017,SAINT-LIONS (04),4187,Tous secteurs,Toutes énergies,co2,232144.7,kg
2017,SAINT-MAIME (04),4188,Tous secteurs,Toutes énergies,co2,2867752.4,kg
2017,SAINT-MANDRIER-SUR-MER (83),83153,Tous secteurs,Toutes énergies,co2,16634990.7,kg
2017,SAINT-MARCELLIN-LES-VAISON (84),84111,Tous secteurs,Toutes énergies,co2,692033,kg
2017,SAINT-MARC-JAUMEGARDE (13),13095,Tous secteurs,Toutes énergies,co2,4198532.2,kg
2017,SAINT-MARTIN (83),83114,Tous secteurs,Toutes énergies,co2,766785.1,kg
2017,SAINT-MARTIN-DE-BRÔMES (04),4189,Tous secteurs,Toutes énergies,co2,2793497.7,kg
2017,SAINT-MARTIN-DE-CASTILLON (84),84112,Tous secteurs,Toutes énergies,co2,7010015.4,kg
2017,SAINT-MARTIN-DE-CRAU (13),13097,Tous secteurs,Toutes énergies,co2,329133164.4,kg
2017,SAINT-MARTIN-DE-LA-BRASQUE (84),84113,Tous secteurs,Toutes énergies,co2,1972770.3,kg
2017,SAINT-MARTIN-D'ENTRAUNES (06),6125,Tous secteurs,Toutes énergies,co2,6667787.1,kg
2017,SAINT-MARTIN-DE-QUEYRIÈRES (05),5151,Tous secteurs,Toutes énergies,co2,9807511.7,kg
2017,SAINT-MARTIN-DU-VAR (06),6126,Tous secteurs,Toutes énergies,co2,11014913.1,kg
2017,SAINT-MARTIN-LES-EAUX (04),4190,Tous secteurs,Toutes énergies,co2,3310237.5,kg
2017,SAINT-MARTIN-LÈS-SEYNE (04),4191,Tous secteurs,Toutes énergies,co2,691713.1,kg
2017,SAINT-MARTIN-VÉSUBIE (06),6127,Tous secteurs,Toutes énergies,co2,5703590.7,kg
2017,SAINT-MAURICE-EN-VALGODEMARD (05),5152,Tous secteurs,Toutes énergies,co2,1281208.9,kg
2017,SAINT-MAXIMIN-LA-SAINTE-BAUME (83),83116,Tous secteurs,Toutes énergies,co2,84439430,kg
2017,SAINT-MICHEL-DE-CHAILLOL (05),5153,Tous secteurs,Toutes énergies,co2,4191447.3,kg
2017,SAINT-MICHEL-L'OBSERVATOIRE (04),4192,Tous secteurs,Toutes énergies,co2,12212909.7,kg
2017,SAINT-MITRE-LES-REMPARTS (13),13098,Tous secteurs,Toutes énergies,co2,31428153.9,kg
2017,SAINT-PANTALÉON (84),84114,Tous secteurs,Toutes énergies,co2,292085,kg
2017,SAINT-PAUL (06),6128,Tous secteurs,Toutes énergies,co2,16638415.7,kg
2017,SAINT-PAUL-EN-FORÊT (83),83117,Tous secteurs,Toutes énergies,co2,3770791.8,kg
2017,SAINT-PAUL-LÈS-DURANCE (13),13099,Tous secteurs,Toutes énergies,co2,44633754.2,kg
2017,SAINT-PAUL-SUR-UBAYE (04),4193,Tous secteurs,Toutes énergies,co2,3682255,kg
2017,SAINT-PIERRE (04),4194,Tous secteurs,Toutes énergies,co2,299030.3,kg
2017,SAINT-PIERRE-AVEZ (05),5155,Tous secteurs,Toutes énergies,co2,232316.4,kg
2017,SAINT-PIERRE-D'ARGENÇON (05),5154,Tous secteurs,Toutes énergies,co2,1362496,kg
2017,SAINT-PIERRE-DE-MÉZOARGUES (13),13061,Tous secteurs,Toutes énergies,co2,1090372.6,kg
2017,SAINT-PIERRE-DE-VASSOLS (84),84115,Tous secteurs,Toutes énergies,co2,1855097.5,kg
2017,SAINT-PONS (04),4195,Tous secteurs,Toutes énergies,co2,3216334.2,kg
2017,SAINT-RAPHAËL (83),83118,Tous secteurs,Toutes énergies,co2,144458750.8,kg
2017,SAINT-RÉMY-DE-PROVENCE (13),13100,Tous secteurs,Toutes énergies,co2,47694446.8,kg
2017,SAINT-ROMAIN-EN-VIENNOIS (84),84116,Tous secteurs,Toutes énergies,co2,2952876,kg
2017,SAINT-ROMAN-DE-MALEGARDE (84),84117,Tous secteurs,Toutes énergies,co2,3079223.8,kg
2017,SAINT-SATURNIN-LÈS-APT (84),84118,Tous secteurs,Toutes énergies,co2,12780701.5,kg
2017,SAINT-SATURNIN-LÈS-AVIGNON (84),84119,Tous secteurs,Toutes énergies,co2,13650421.6,kg
2017,SAINT-SAUVEUR (05),5156,Tous secteurs,Toutes énergies,co2,3400940.8,kg
2017,SAINT-SAUVEUR-SUR-TINÉE (06),6129,Tous secteurs,Toutes énergies,co2,2821818.2,kg
2017,SAINT-SAVOURNIN (13),13101,Tous secteurs,Toutes énergies,co2,6223977.1,kg
2017,SAINT-TRINIT (84),84120,Tous secteurs,Toutes énergies,co2,1151215.9,kg
2017,SAINT-TROPEZ (83),83119,Tous secteurs,Toutes énergies,co2,15909192.1,kg
2017,SAINT-VALLIER-DE-THIEY (06),6130,Tous secteurs,Toutes énergies,co2,11927306,kg
2017,SAINT-VÉRAN (05),5157,Tous secteurs,Toutes énergies,co2,1919227.8,kg
2017,SAINT-VICTORET (13),13102,Tous secteurs,Toutes énergies,co2,18008364.4,kg
2017,SAINT-VINCENT-SUR-JABRON (04),4199,Tous secteurs,Toutes énergies,co2,1025057,kg
2017,SAINT-ZACHARIE (83),83120,Tous secteurs,Toutes énergies,co2,9651307.1,kg
2017,SALÉON (05),5159,Tous secteurs,Toutes énergies,co2,431093.2,kg
2017,SALÉRANS (05),5160,Tous secteurs,Toutes énergies,co2,466218.6,kg
2017,SALERNES (83),83121,Tous secteurs,Toutes énergies,co2,12057450.5,kg
2017,SALIGNAC (04),4200,Tous secteurs,Toutes énergies,co2,3339717.8,kg
2017,SALLAGRIFFON (06),6131,Tous secteurs,Toutes énergies,co2,447652.3,kg
2017,SALON-DE-PROVENCE (13),13103,Tous secteurs,Toutes énergies,co2,221843659.2,kg
2017,SANARY-SUR-MER (83),83123,Tous secteurs,Toutes énergies,co2,69191599.9,kg
2017,SANNES (84),84121,Tous secteurs,Toutes énergies,co2,1006450.2,kg
2017,SAORGE (06),6132,Tous secteurs,Toutes énergies,co2,2741092.9,kg
2017,SARRIANS (84),84122,Tous secteurs,Toutes énergies,co2,24763775.9,kg
2017,SAULT (84),84123,Tous secteurs,Toutes énergies,co2,7358780.7,kg
2017,SAUMANE (04),4201,Tous secteurs,Toutes énergies,co2,348054,kg
2017,SAUMANE-DE-VAUCLUSE (84),84124,Tous secteurs,Toutes énergies,co2,4138427.5,kg
2017,SAUSSES (04),4202,Tous secteurs,Toutes énergies,co2,278089.8,kg
2017,SAUSSET-LES-PINS (13),13104,Tous secteurs,Toutes énergies,co2,13650443.6,kg
2017,SAUZE (06),6133,Tous secteurs,Toutes énergies,co2,346006.9,kg
2017,SAVINES-LE-LAC (05),5164,Tous secteurs,Toutes énergies,co2,10782301.4,kg
2017,SAVOILLAN (84),84125,Tous secteurs,Toutes énergies,co2,310517.1,kg
2017,SAVOURNON (05),5165,Tous secteurs,Toutes énergies,co2,1549906,kg
2017,SEGURET (84),84126,Tous secteurs,Toutes énergies,co2,4982800.6,kg
2017,SEILLANS (83),83124,Tous secteurs,Toutes énergies,co2,6273218.3,kg
2017,SEILLONS-SOURCE-D'ARGENS (83),83125,Tous secteurs,Toutes énergies,co2,4392705.5,kg
2017,SELONNET (04),4203,Tous secteurs,Toutes énergies,co2,2800132.8,kg
2017,SÉNAS (13),13105,Tous secteurs,Toutes énergies,co2,55571617.4,kg
2017,SENEZ (04),4204,Tous secteurs,Toutes énergies,co2,2546573.2,kg
2017,SEPTÈMES-LES-VALLONS (13),13106,Tous secteurs,Toutes énergies,co2,566586891.4,kg
2017,SÉRANON (06),6134,Tous secteurs,Toutes énergies,co2,2517929.2,kg
2017,SÉRIGNAN-DU-COMTAT (84),84127,Tous secteurs,Toutes énergies,co2,8463407.5,kg
2017,SERRES (05),5166,Tous secteurs,Toutes énergies,co2,6592427,kg
2017,SEYNE (04),4205,Tous secteurs,Toutes énergies,co2,6468822.3,kg
2017,SIGALE (06),6135,Tous secteurs,Toutes énergies,co2,622763.7,kg
2017,SIGNES (83),83127,Tous secteurs,Toutes énergies,co2,36112024.2,kg
2017,SIGONCE (04),4206,Tous secteurs,Toutes énergies,co2,1256815.7,kg
2017,SIGOTTIER (05),5167,Tous secteurs,Toutes énergies,co2,1659589.2,kg
2017,SIGOYER (04),4207,Tous secteurs,Toutes énergies,co2,515328.2,kg
2017,SIGOYER (05),5168,Tous secteurs,Toutes énergies,co2,3003151.9,kg
2017,SILLANS-LA-CASCADE (83),83128,Tous secteurs,Toutes énergies,co2,2790199.7,kg
2017,SIMIANE-COLLONGUE (13),13107,Tous secteurs,Toutes énergies,co2,20670483.3,kg
2017,SIMIANE-LA-ROTONDE (04),4208,Tous secteurs,Toutes énergies,co2,7594650.8,kg
2017,SISTERON (04),4209,Tous secteurs,Toutes énergies,co2,51186432.7,kg
2017,SIVERGUES (84),84128,Tous secteurs,Toutes énergies,co2,615287.9,kg
2017,SIX-FOURS-LES-PLAGES (83),83129,Tous secteurs,Toutes énergies,co2,92396584.7,kg
2017,SOLEILHAS (04),4210,Tous secteurs,Toutes énergies,co2,744718.7,kg
2017,SOLLIÈS-PONT (83),83130,Tous secteurs,Toutes énergies,co2,49984245,kg
2017,SOLLIÈS-TOUCAS (83),83131,Tous secteurs,Toutes énergies,co2,24730342.6,kg
2017,SOLLIÈS-VILLE (83),83132,Tous secteurs,Toutes énergies,co2,9978526.3,kg
2017,SORBIERS (05),5169,Tous secteurs,Toutes énergies,co2,3421626.4,kg
2017,SORGUES (84),84129,Tous secteurs,Toutes énergies,co2,126346409.8,kg
2017,SOSPEL (06),6136,Tous secteurs,Toutes énergies,co2,10388160.1,kg
2017,SOURRIBES (04),4211,Tous secteurs,Toutes énergies,co2,397250.3,kg
2017,SPÉRACÈDES (06),6137,Tous secteurs,Toutes énergies,co2,3786859.4,kg
2017,SUZETTE (84),84130,Tous secteurs,Toutes énergies,co2,691097.9,kg
2017,TAILLADES (84),84131,Tous secteurs,Toutes énergies,co2,4630144.6,kg
2017,TALLARD (05),5170,Tous secteurs,Toutes énergies,co2,15175686.1,kg
2017,TANNERON (83),83133,Tous secteurs,Toutes énergies,co2,33873173.4,kg
2017,TARADEAU (83),83134,Tous secteurs,Toutes énergies,co2,7233210,kg
2017,TARASCON (13),13108,Tous secteurs,Toutes énergies,co2,802733362.7,kg
2017,TARTONNE (04),4214,Tous secteurs,Toutes énergies,co2,739927.2,kg
2017,TAVERNES (83),83135,Tous secteurs,Toutes énergies,co2,3650516,kg
2017,TENDE (06),6163,Tous secteurs,Toutes énergies,co2,10151332.3,kg
2017,THÉOULE-SUR-MER (06),6138,Tous secteurs,Toutes énergies,co2,7997159.9,kg
2017,THÉUS (05),5171,Tous secteurs,Toutes énergies,co2,1873179.2,kg
2017,THÈZE (04),4216,Tous secteurs,Toutes énergies,co2,1023418.8,kg
2017,THIÉRY (06),6139,Tous secteurs,Toutes énergies,co2,202707.1,kg
2017,THOARD (04),4217,Tous secteurs,Toutes énergies,co2,4853030.4,kg
2017,THORAME-BASSE (04),4218,Tous secteurs,Toutes énergies,co2,2474735.2,kg
2017,THORAME-HAUTE (04),4219,Tous secteurs,Toutes énergies,co2,17145272.1,kg
2017,TOUDON (06),6141,Tous secteurs,Toutes énergies,co2,938645.1,kg
2017,TOUËT-DE-L'ESCARÈNE (06),6142,Tous secteurs,Toutes énergies,co2,616719.2,kg
2017,TOUËT-SUR-VAR (06),6143,Tous secteurs,Toutes énergies,co2,3269575.2,kg
2017,TOULON (83),83137,Tous secteurs,Toutes énergies,co2,399206039.3,kg
2017,TOURETTE-DU-CHÂTEAU (06),6145,Tous secteurs,Toutes énergies,co2,237279.6,kg
2017,TOURNEFORT (06),6146,Tous secteurs,Toutes énergies,co2,2685718.1,kg
2017,TOURRETTE-LEVENS (06),6147,Tous secteurs,Toutes énergies,co2,14884187.2,kg
2017,TOURRETTES (83),83138,Tous secteurs,Toutes énergies,co2,20642091.2,kg
2017,TOURRETTES-SUR-LOUP (06),6148,Tous secteurs,Toutes énergies,co2,14342049.6,kg
2017,TOURTOUR (83),83139,Tous secteurs,Toutes énergies,co2,2276894.9,kg
2017,TOURVES (83),83140,Tous secteurs,Toutes énergies,co2,60495079.1,kg
2017,TRANS-EN-PROVENCE (83),83141,Tous secteurs,Toutes énergies,co2,25154906.5,kg
2017,TRAVAILLAN (84),84134,Tous secteurs,Toutes énergies,co2,4492227.6,kg
2017,TRESCLÉOUX (05),5172,Tous secteurs,Toutes énergies,co2,1751162.4,kg
2017,TRETS (13),13110,Tous secteurs,Toutes énergies,co2,49969537.9,kg
2017,TRIGANCE (83),83142,Tous secteurs,Toutes énergies,co2,2536922,kg
2017,TURRIERS (04),4222,Tous secteurs,Toutes énergies,co2,1670690.2,kg
2017,UBRAYE (04),4224,Tous secteurs,Toutes énergies,co2,590625.2,kg
2017,UCHAUX (84),84135,Tous secteurs,Toutes énergies,co2,6239582.4,kg
2017,UPAIX (05),5173,Tous secteurs,Toutes énergies,co2,14565033.3,kg
2017,UTELLE (06),6151,Tous secteurs,Toutes énergies,co2,11222468.7,kg
2017,UVERNET-FOURS (04),4226,Tous secteurs,Toutes énergies,co2,11074322.4,kg
2017,VACHÈRES (04),4227,Tous secteurs,Toutes énergies,co2,1874449.7,kg
2017,VACQUEYRAS (84),84136,Tous secteurs,Toutes énergies,co2,5265864.6,kg
2017,VAISON-LA-ROMAINE (84),84137,Tous secteurs,Toutes énergies,co2,14749737.9,kg
2017,VALAVOIRE (04),4228,Tous secteurs,Toutes énergies,co2,705600.1,kg
2017,VALBELLE (04),4229,Tous secteurs,Toutes énergies,co2,5212727.2,kg
2017,VALBONNE (06),6152,Tous secteurs,Toutes énergies,co2,74715831.2,kg
2017,VALDEBLORE (06),6153,Tous secteurs,Toutes énergies,co2,6023515.2,kg
2017,VAL-DE-CHALVAGNE (04),4043,Tous secteurs,Toutes énergies,co2,778570.6,kg
2017,VALDEROURE (06),6154,Tous secteurs,Toutes énergies,co2,1862575.7,kg
2017,VAL-DES-PRÉS (05),5174,Tous secteurs,Toutes énergies,co2,2724622.1,kg
2017,VALENSOLE (04),4230,Tous secteurs,Toutes énergies,co2,36687092,kg
2017,VALERNES (04),4231,Tous secteurs,Toutes énergies,co2,2592741.3,kg
2017,VALLAURIS (06),6155,Tous secteurs,Toutes énergies,co2,79531397.7,kg
2017,VALREAS (84),84138,Tous secteurs,Toutes énergies,co2,33292077.1,kg
2017,VALSERRES (05),5176,Tous secteurs,Toutes énergies,co2,3324006.1,kg
2017,VARAGES (83),83145,Tous secteurs,Toutes énergies,co2,3026022.4,kg
2017,VARS (05),5177,Tous secteurs,Toutes énergies,co2,5699841.9,kg
2017,VAUGINES (84),84140,Tous secteurs,Toutes énergies,co2,2317465.5,kg
2017,VAUMEILH (04),4233,Tous secteurs,Toutes énergies,co2,1317735.8,kg
2017,VAUVENARGUES (13),13111,Tous secteurs,Toutes énergies,co2,3883121.5,kg
2017,VEDÈNE (84),84141,Tous secteurs,Toutes énergies,co2,91665958.1,kg
2017,VELAUX (13),13112,Tous secteurs,Toutes énergies,co2,39006699.1,kg
2017,VELLERON (84),84142,Tous secteurs,Toutes énergies,co2,13336110.4,kg
2017,VENANSON (06),6156,Tous secteurs,Toutes énergies,co2,1194854.6,kg
2017,VENASQUE (84),84143,Tous secteurs,Toutes énergies,co2,8772668.3,kg
2017,VENCE (06),6157,Tous secteurs,Toutes énergies,co2,43533439.4,kg
2017,VENELLES (13),13113,Tous secteurs,Toutes énergies,co2,28831729.5,kg
2017,VENTABREN (13),13114,Tous secteurs,Toutes énergies,co2,53067160.8,kg
2017,VENTAVON (05),5178,Tous secteurs,Toutes énergies,co2,24171221.7,kg
2017,VENTEROL (04),4234,Tous secteurs,Toutes énergies,co2,1463292.4,kg
2017,VERDACHES (04),4235,Tous secteurs,Toutes énergies,co2,503812.1,kg
2017,VERGONS (04),4236,Tous secteurs,Toutes énergies,co2,2102767.7,kg
2017,VÉRIGNON (83),83147,Tous secteurs,Toutes énergies,co2,889207.6,kg
2017,VERNÈGUES (13),13115,Tous secteurs,Toutes énergies,co2,5951045.9,kg
2017,VERQUIÈRES (13),13116,Tous secteurs,Toutes énergies,co2,2689135.7,kg
2017,VEYNES (05),5179,Tous secteurs,Toutes énergies,co2,12804248.4,kg
2017,VIDAUBAN (83),83148,Tous secteurs,Toutes énergies,co2,61704069.9,kg
2017,VIENS (84),84144,Tous secteurs,Toutes énergies,co2,3996527.9,kg
2017,VILLAR-D'ARÊNE (05),5181,Tous secteurs,Toutes énergies,co2,3426057.6,kg
2017,VILLAR-LOUBIÈRE (05),5182,Tous secteurs,Toutes énergies,co2,697020,kg
2017,VILLARS (84),84145,Tous secteurs,Toutes énergies,co2,2430037.7,kg
2017,VILLAR-SAINT-PANCRACE (05),5183,Tous secteurs,Toutes énergies,co2,3724532.8,kg
2017,VILLARS-COLMARS (04),4240,Tous secteurs,Toutes énergies,co2,1396003.5,kg
2017,VILLARS-SUR-VAR (06),6158,Tous secteurs,Toutes énergies,co2,3357946.9,kg
2017,VILLECROZE (83),83149,Tous secteurs,Toutes énergies,co2,6229583.1,kg
2017,VILLEDIEU (84),84146,Tous secteurs,Toutes énergies,co2,1991682.8,kg
2017,VILLEFRANCHE-SUR-MER (06),6159,Tous secteurs,Toutes énergies,co2,21835058,kg
2017,VILLELAURE (84),84147,Tous secteurs,Toutes énergies,co2,8306603.4,kg
2017,VILLEMUS (04),4241,Tous secteurs,Toutes énergies,co2,3475816.7,kg
2017,VILLENEUVE (04),4242,Tous secteurs,Toutes énergies,co2,19474629.4,kg
2017,VILLENEUVE-D'ENTRAUNES (06),6160,Tous secteurs,Toutes énergies,co2,470684.3,kg
2017,VILLENEUVE-LOUBET (06),6161,Tous secteurs,Toutes énergies,co2,178476699.4,kg
2017,VILLES-SUR-AUZON (84),84148,Tous secteurs,Toutes énergies,co2,4108305.5,kg
2017,VINON-SUR-VERDON (83),83150,Tous secteurs,Toutes énergies,co2,24417386,kg
2017,VINS-SUR-CARAMY (83),83151,Tous secteurs,Toutes énergies,co2,1916957.7,kg
2017,VIOLÈS (84),84149,Tous secteurs,Toutes énergies,co2,15985197,kg
2017,VISAN (84),84150,Tous secteurs,Toutes énergies,co2,9085206.5,kg
2017,VITROLLES (05),5184,Tous secteurs,Toutes énergies,co2,18452087.7,kg
2017,VITROLLES (13),13117,Tous secteurs,Toutes énergies,co2,264643158.8,kg
2017,VITROLLES-EN-LUBÉRON (84),84151,Tous secteurs,Toutes énergies,co2,3409635.5,kg
2017,VOLONNE (04),4244,Tous secteurs,Toutes énergies,co2,2915504,kg
2017,VOLX (04),4245,Tous secteurs,Toutes énergies,co2,8585756.5,kg
