Geo Point;Geo Shape;visible;user;id;timestamp;amenity;.oms;other_tags
43.1993665,5.6327567;"{""type"": ""Point"", ""coordinates"": [5.6327567, 43.1993665]}";;Lazib;2364712861;2016-02-05T14:56:53+01:00;bench;;"{""shelter"": ""no"", ""source"": ""Universit\u00e9_Aix-Marseille"", ""level"": ""0"", ""backrest"": ""no""}"
43.1994423,5.6327456;"{""type"": ""Point"", ""coordinates"": [5.6327456, 43.1994423]}";;Lazib;2364712867;2016-02-05T14:40:53+01:00;bench;;"{""shelter"": ""no"", ""source"": ""Universit\u00e9 Aix-Marseille"", ""level"": ""0"", ""backrest"": ""yes""}"
43.1995363,5.6326943;"{""type"": ""Point"", ""coordinates"": [5.6326943, 43.1995363]}";;cquest;2364712877;2013-06-28T20:25:43+02:00;vending_machine;;"{""operator"": ""SNCF"", ""vending"": ""public_transport_tickets"", ""payment:credit_cards"": ""yes""}"
43.6848036,4.6317519;"{""type"": ""Point"", ""coordinates"": [4.6317519, 43.6848036]}";;b-jazz-bot;3180375844;2019-03-06T20:23:18+01:00;taxi;;"{""website"": ""https://www.taxi-arles.fr/"", ""phone"": ""+334 90 96 90 03"", ""description"": ""Arles Taxi Radio (13) vous propose diff\u00e9rentes prestations. Nous mettons \u00e0 votre disposition un taxi gare, un taxi a\u00e9roport, une navette gare, une navette a\u00e9roport, un taxi entreprise ou un taxi colis. Pour vos trajets vers les h\u00f4pitaux et centres m\u00e9dicau"", ""operator"": ""ARLES TAXI RADIO"", ""name"": ""Arles Taxi Radio""}"
43.9226359,4.785762;"{""type"": ""Point"", ""coordinates"": [4.785762, 43.9226359]}";;Polyglot;1449501814;2017-06-10T07:18:46+02:00;taxi;;"{""name"": ""Avignon TGV Nord""}"
43.9214286,4.7861852;"{""type"": ""Point"", ""coordinates"": [4.7861852, 43.9214286]}";;JLZIMMERMANN;2477743464;2013-09-30T16:50:35+02:00;bench;;"{""operator"": ""SNCF"", ""source"": ""survey 2013"", ""backrest"": ""yes""}"
43.9214837,4.7857476;"{""type"": ""Point"", ""coordinates"": [4.7857476, 43.9214837]}";;overflorian;2500627030;2017-06-04T14:47:17+02:00;atm;;"{""operator"": ""Cr\u00e9dit Mutuel"", ""source"": ""survey 2013"", ""name"": ""Retrait d'esp\u00e8ces"", ""level"": ""0""}"
43.9220163,4.786381;"{""type"": ""Point"", ""coordinates"": [4.786381, 43.9220163]}";;JLZIMMERMANN;2500655712;2015-07-01T10:55:04+02:00;bench;;"{""source"": ""survey 2013"", ""level"": ""0""}"
43.922049,4.7865164;"{""type"": ""Point"", ""coordinates"": [4.7865164, 43.922049]}";;JLZIMMERMANN;2500655745;2015-07-01T10:55:05+02:00;bench;;"{""source"": ""survey 2013"", ""level"": ""0""}"
43.922753,4.7875419;"{""type"": ""Point"", ""coordinates"": [4.7875419, 43.922753]}";;JLZIMMERMANN;2500663093;2013-10-18T15:10:16+02:00;vending_machine;;"{""operator"": ""SNCF"", ""source"": ""survey 2013"", ""vending"": ""parking_tickets"", ""name"": ""Caisse automatique""}"
43.9422471,4.8050742;"{""type"": ""Point"", ""coordinates"": [4.8050742, 43.9422471]}";;JLZIMMERMANN;2153079740;2019-03-29T18:22:27+01:00;bicycle_parking;;"{""source"": ""survey"", ""survey:date"": ""2017-06-26"", ""capacity"": ""28"", ""bicycle_parking"": ""stands""}"
44.1373816,4.8191461;"{""type"": ""Point"", ""coordinates"": [4.8191461, 44.1373816]}";;JLZIMMERMANN;2116369436;2019-03-29T18:56:38+01:00;parking_space;;"{""source"": ""survey"", ""mapillary"": ""lN1BaL7jb_oGveU2nfOzBw"", ""level"": ""0"", ""parking:lane"": ""parallel"", ""wheelchair"": ""yes"", ""survey:date"": ""2019-03-29"", ""parking_space"": ""disabled""}"
44.1373908,4.8195577;"{""type"": ""Point"", ""coordinates"": [4.8195577, 44.1373908]}";;JLZIMMERMANN;2484970483;2018-05-19T11:28:22+02:00;bench;;"{""fixme"": ""tag"", ""indoor"": ""no"", ""capacity"": ""3"", ""backrest"": ""yes"", ""level"": ""0"", ""survey:date"": ""2017-06-16"", ""source"": ""survey 2015"", ""mapillary"": ""ZFcyY5uddhFg7riI14pGWA"", ""operator"": ""SNCF"", ""armrest"": ""yes""}"
44.1374099,4.8192215;"{""type"": ""Point"", ""coordinates"": [4.8192215, 44.1374099]}";;cabinetcourbi;2484979087;2018-06-19T08:06:11+02:00;bench;;"{""source"": ""survey"", ""material"": ""wood"", ""separator"": ""yes"", ""backrest"": ""yes"", ""survey:date"": ""2018-05-23"", ""colour"": ""brown"", ""indoor"": ""yes"", ""armrest"": ""yes""}"
44.1374249,4.8191817;"{""type"": ""Point"", ""coordinates"": [4.8191817, 44.1374249]}";;cabinetcourbi;2484979088;2018-06-19T08:06:10+02:00;bench;;"{""survey:date"": ""2018-05-23"", ""indoor"": ""yes"", ""backrest"": ""yes"", ""level"": ""0"", ""colour"": ""brown"", ""material"": ""wood"", ""source"": ""survey"", ""separator"": ""yes"", ""seats"": ""3"", ""operator"": ""SNCF"", ""armrest"": ""yes""}"
44.1374409,4.8193635;"{""type"": ""Point"", ""coordinates"": [4.8193635, 44.1374409]}";;JLZIMMERMANN;3592123723;2015-12-02T17:52:06+01:00;ticket_validator;;"{""source"": ""survey 2015"", ""colour"": ""blue"", ""level"": ""0""}"
44.1374192,4.8193249;"{""type"": ""Point"", ""coordinates"": [4.8193249, 44.1374192]}";;JLZIMMERMANN;3873190956;2016-04-02T23:42:28+02:00;vending_machine;;"{""source"": ""survey 2013"", ""mapillary"": ""4BHxcI_obvETf9FFMEL9kw"", ""vending"": ""public_transport_tickets"", ""description"": ""Billeterie r\u00e9gionale"", ""level"": ""0"", ""operator"": ""SNCF"", ""colour"": ""blue"", ""indoor"": ""yes""}"
44.2715843,4.7081862;"{""type"": ""Point"", ""coordinates"": [4.7081862, 44.2715843]}";;tjes;4054622342;2016-03-11T13:32:57+01:00;bench;;"{""seats"": ""3"", ""material"": ""steel"", ""backrest"": ""yes""}"
43.2951986,5.4060006;"{""type"": ""Point"", ""coordinates"": [5.4060006, 43.2951986]}";;M GM;3880197628;2019-08-14T16:10:15+02:00;parking_entrance;;
43.2957378,5.4063413;"{""type"": ""Point"", ""coordinates"": [5.4063413, 43.2957378]}";;Virgile1994;4179422417;2016-05-11T22:52:23+02:00;shelter;;"{""network"": ""RTM"", ""level"": ""0"", ""operator"": ""R\u00e9gie des Transports Marseillais"", ""shelter_type"": ""public_transport"", ""name"": ""La Blancarde""}"
43.2957529,5.4061864;"{""type"": ""Point"", ""coordinates"": [5.4061864, 43.2957529]}";;Virgile1994;4179422418;2016-05-11T22:52:24+02:00;shelter;;"{""network"": ""RTM"", ""level"": ""0"", ""operator"": ""R\u00e9gie des Transports Marseillais"", ""shelter_type"": ""public_transport"", ""name"": ""La Blancarde""}"
43.2965889,5.4055705;"{""type"": ""Point"", ""coordinates"": [5.4055705, 43.2965889]}";;Secouss;4179422424;2018-12-05T10:48:53+01:00;shelter;;"{""lit"": ""yes"", ""network"": ""RTM"", ""level"": ""0"", ""operator"": ""R\u00e9gie des Transports Marseillais"", ""bench"": ""yes"", ""shelter_type"": ""public_transport"", ""name"": ""La Blancarde""}"
43.4416148,5.2368796;"{""type"": ""Point"", ""coordinates"": [5.2368796, 43.4416148]}";;Virgile1994;3182378105;2014-11-12T10:12:56+01:00;taxi;;
43.4544192,5.3166412;"{""type"": ""Point"", ""coordinates"": [5.3166412, 43.4544192]}";;Pa413;325026004;2018-07-22T17:29:17+02:00;shelter;;"{""network"": ""Carteize"", ""level"": ""-1"", ""bench"": ""yes"", ""shelter_type"": ""public_transport"", ""name"": ""Gare Aix TGV""}"
44.0886619,6.2230703;"{""type"": ""Point"", ""coordinates"": [6.2230703, 44.0886619]}";;Arnaud Champollion;3987672838;2020-03-08T11:54:57+01:00;shelter;;"{""network"": ""PAA;Zou !"", ""shelter"": ""yes"", ""bus"": ""yes"", ""departures_board"": ""timetable"", ""shelter_type"": ""public_transport"", ""bench"": ""yes"", ""public_transport"": ""platform"", ""ref"": ""396"", ""wheelchair"": ""yes"", ""highway"": ""bus_stop"", ""name"": ""Digne-les-Bains - Gare SNCF/CP""}"
43.5539126,7.0192648;"{""type"": ""Point"", ""coordinates"": [7.0192648, 43.5539126]}";;species;3039581990;2014-08-24T18:30:52+02:00;vending_machine;;"{""count"": ""2"", ""payment:debit_cards"": ""yes"", ""vending"": ""public_transport_tickets"", ""payment:coins"": ""yes"", ""payment:account_cards"": ""yes"", ""payment:credit_cards"": ""yes""}"
43.5539387,7.0214231;"{""type"": ""Point"", ""coordinates"": [7.0214231, 43.5539387]}";;seatsea;3100495621;2020-05-05T09:47:38+02:00;parking_entrance;;
43.5538245,7.0198525;"{""type"": ""Point"", ""coordinates"": [7.0198525, 43.5538245]}";;Anonix35;3904805866;2019-09-28T12:11:27+02:00;taxi;;
43.5536464,7.0220051;"{""type"": ""Point"", ""coordinates"": [7.0220051, 43.5536464]}";;seatsea;6109838118;2020-05-05T09:47:38+02:00;parking_entrance;;
43.5707027,7.1114337;"{""type"": ""Point"", ""coordinates"": [7.1114337, 43.5707027]}";;Klenje;2007944967;2012-11-11T10:45:27+01:00;bench;;"{""colour"": ""brown"", ""material"": ""wood"", ""backrest"": ""yes""}"
43.5707566,7.1116701;"{""type"": ""Point"", ""coordinates"": [7.1116701, 43.5707566]}";;Klenje;2007944973;2012-11-11T10:45:27+01:00;recycling;;"{""recycling_type"": ""container"", ""recycling:paper"": ""yes"", ""recycling:glass"": ""yes""}"
43.6580462,7.1483863;"{""type"": ""Point"", ""coordinates"": [7.1483863, 43.6580462]}";;CartoDan;2578091087;2015-09-03T20:20:36+02:00;bicycle_rental;;"{""operator"": ""V\u00e9olia"", ""ref"": ""321"", ""network"": ""V\u00e9lobleu""}"
43.6625468,7.1942187;"{""type"": ""Point"", ""coordinates"": [7.1942187, 43.6625468]}";;GabrielV;2454287759;2013-12-13T12:58:47+01:00;bicycle_rental;;"{""operator"": ""V\u00e9olia"", ""ref"": ""201"", ""network"": ""V\u00e9lobleu""}"
43.1996711382,5.63252302259;"{""type"": ""LineString"", ""coordinates"": [[5.6325412, 43.199699], [5.6325449, 43.199683], [5.6325529, 43.1996493], [5.6325049, 43.1996433], [5.6324931, 43.1996929], [5.6325412, 43.199699]]}";;cquest;227831597;2013-06-28T20:25:54+02:00;parking_space;;"{""wheelchair"": ""designated"", ""capacity:disabled"": ""2""}"
43.6846223614,4.63087414016;"{""type"": ""LineString"", ""coordinates"": [[4.630177, 43.6842534], [4.6302529, 43.6842037], [4.630368, 43.6841985], [4.6304517, 43.6842351], [4.6305119, 43.6843319], [4.6305564, 43.6843764], [4.6308285, 43.6844863], [4.630887, 43.684506], [4.6310597, 43.6845286], [4.6312275, 43.6845506], [4.631459, 43.6845334], [4.6315846, 43.6844863], [4.6316161, 43.6844726], [4.6316474, 43.6844549], [4.6316709, 43.684468], [4.6316657, 43.6845648], [4.6316644, 43.6846148], [4.6316657, 43.6847636], [4.6316616, 43.6847814], [4.6316526, 43.6848238], [4.6316317, 43.6848735], [4.6315652, 43.6849136], [4.6314943, 43.6849383], [4.6311415, 43.6848939], [4.630801, 43.6848493], [4.6302225, 43.6847753], [4.63018, 43.6847696], [4.6301042, 43.6847474], [4.6301356, 43.684518], [4.630142, 43.6844761], [4.6301523, 43.6844088], [4.630177, 43.6842534]]}";;cOSMografix;178678114;2018-12-09T14:13:53+01:00;parking;;"{""access"": ""yes"", ""fee"": ""no"", ""capacity"": ""120"", ""name"": ""P6 - Parking de la Gare"", ""parking"": ""surface"", ""park_ride"": ""yes"", ""surface"": ""asphalt""}"
43.9226437248,4.7860182531;"{""type"": ""LineString"", ""coordinates"": [[4.7860849, 43.922662], [4.7859927, 43.9226919], [4.7859516, 43.9226254], [4.7860439, 43.9225956], [4.7860849, 43.922662]]}";;JLZIMMERMANN;83765262;2013-07-16T12:36:56+02:00;car_rental;;"{""building"": ""yes"", ""source"": ""survey 2013"", ""name"": ""Hertz""}"
43.9227392,4.7863428;"{""type"": ""LineString"", ""coordinates"": [[4.7864094, 43.9227575], [4.7863172, 43.9227874], [4.7862762, 43.9227209], [4.7863684, 43.922691], [4.7864094, 43.9227575]]}";;cabinetcourbi;83782046;2018-11-03T08:11:46+01:00;car_rental;;"{""building"": ""retail"", ""shop"": ""yes"", ""name"": ""enterprise rent-a-car"", ""source:name"": ""survey"", ""survey:date"": ""2018-11-02"", ""source:building"": ""cadastre-dgi-fr source : Direction G\u00e9n\u00e9rale des Imp\u00f4ts - Cadastre. Mise \u00e0 jour : 2010""}"
43.9218931536,4.78520069518;"{""type"": ""LineString"", ""coordinates"": [[4.7853332, 43.9218749], [4.7850956, 43.9219545], [4.7850676, 43.9219143], [4.7853018, 43.9218302], [4.7853332, 43.9218749]]}";;Patchi;131860000;2014-02-15T09:50:50+01:00;police;;"{""indoor"": ""yes"", ""room"": ""yes""}"
44.0410506,4.89320195;"{""type"": ""LineString"", ""coordinates"": [[4.8931938, 44.0410806], [4.8932292, 44.0410741], [4.8932101, 44.0410206], [4.8931747, 44.0410271], [4.8931938, 44.0410806]]}";;JLZIMMERMANN;386226579;2015-12-16T19:40:54+01:00;shelter;;"{""covered"": ""yes"", ""shelter_type"": ""public_transport""}"
44.13715181,4.81978228138;"{""type"": ""LineString"", ""coordinates"": [[4.8200702, 44.1370511], [4.8199619, 44.1370903], [4.8198228, 44.1371384], [4.8195713, 44.137177], [4.8195402, 44.1371234], [4.8194713, 44.1371528], [4.8195409, 44.1372392], [4.8196111, 44.1372154], [4.8197577, 44.137201], [4.8198096, 44.1371909], [4.8201072, 44.1371], [4.8200702, 44.1370511]]}";;tony emery;218689325;2019-12-12T11:18:26+01:00;parking;;"{""access"": ""private"", ""source"": ""cadastre-dgi-fr source : Direction G\u00e9n\u00e9rale des Imp\u00f4ts - Cadastre. Mise \u00e0 jour : 2010"", ""capacity"": ""17"", ""level"": ""0"", ""operator"": ""Mairie d'Orange""}"
44.1374822596,4.81886005024;"{""type"": ""LineString"", ""coordinates"": [[4.8187439, 44.1374974], [4.8187452, 44.1374776], [4.81878, 44.1374861], [4.8188037, 44.1374906], [4.8188151, 44.1374904], [4.8188883, 44.1374651], [4.8189602, 44.1374407], [4.8189805, 44.1374631], [4.8188507, 44.1375035], [4.8188151, 44.1375141], [4.8187729, 44.1375122], [4.8187439, 44.1374974]]}";;JLZIMMERMANN;220843670;2019-03-29T18:54:31+01:00;taxi;;"{""source"": ""survey"", ""survey:date"": ""2019-03-29"", ""level"": ""0""}"
43.3025914167,5.38218100083;"{""type"": ""LineString"", ""coordinates"": [[5.3821712, 43.3026214], [5.3822175, 43.3025758], [5.3821908, 43.3025614], [5.3821445, 43.3026071], [5.3821712, 43.3026214]]}";;Virgile1994;417092664;2016-05-10T22:17:34+02:00;shelter;;"{""level"": ""0""}"
43.4549207069,5.31621247569;"{""type"": ""LineString"", ""coordinates"": [[5.3155913, 43.4550922], [5.3157982, 43.4545702], [5.3159238, 43.4545476], [5.3168294, 43.4547513], [5.3166095, 43.4553], [5.3155913, 43.4550922]]}";;Coq;23695419;2018-09-21T12:05:37+02:00;parking;;"{""fee"": ""yes"", ""capacity"": ""237"", ""name"": ""P2 : Parking Premium Longue Dur\u00e9e Gare TGV"", ""level"": ""0"", ""park_ride"": ""no"", ""parking"": ""surface"", ""access"": ""permissive"", ""capacity:disabled"": ""yes"", ""operator"": ""EFFIA"", ""ref"": ""P2""}"
43.4538871946,5.31744652196;"{""type"": ""LineString"", ""coordinates"": [[5.3174427, 43.453844], [5.3174814, 43.4538521], [5.3174504, 43.4539304], [5.3174116, 43.4539222], [5.3174427, 43.453844]]}";;overflorian;666854484;2019-01-29T09:32:35+01:00;car_rental;;"{""wheelchair"": ""yes"", ""indoor"": ""area"", ""name"": ""Hertz"", ""level"": ""0""}"
43.457240333,5.31514398963;"{""type"": ""LineString"", ""coordinates"": [[5.3160201, 43.457436], [5.3158104, 43.4576933], [5.3152879, 43.4575839], [5.3152986, 43.4575567], [5.314797, 43.4574457], [5.3142472, 43.4572511], [5.3145739, 43.4568015], [5.3146603, 43.4568306], [5.3146898, 43.4567994], [5.3149172, 43.4568872], [5.3150299, 43.4569203], [5.315172, 43.4569008], [5.3153442, 43.4568695], [5.3154536, 43.4568755], [5.3155481, 43.4569318], [5.3156495, 43.4570975], [5.3158565, 43.4573056], [5.3160201, 43.457436]]}";;Coq;284823620;2018-09-21T11:06:22+02:00;parking;;"{""fee"": ""yes"", ""capacity"": ""400"", ""name"": ""P11 : Parking Gare TGV"", ""level"": ""0"", ""park_ride"": ""no"", ""parking"": ""surface"", ""source"": ""Bing"", ""capacity:disabled"": ""yes"", ""operator"": ""EFFIA"", ""ref"": ""P11""}"
43.823352306,5.79352374096;"{""type"": ""LineString"", ""coordinates"": [[5.7935324, 43.8233923], [5.7934723, 43.8233361], [5.793515, 43.8233123], [5.7935752, 43.8233685], [5.7935324, 43.8233923]]}";;Virgile1994;241536602;2013-10-10T20:45:55+02:00;shelter;;"{""building"": ""yes"", ""source"": ""cadastre-dgi-fr source : Direction G\u00e9n\u00e9rale des Imp\u00f4ts - Cadastre. Mise \u00e0 jour : 2010"", ""shelter_type"": ""public_transport""}"
44.8893082409,6.63292787126;"{""type"": ""LineString"", ""coordinates"": [[6.6330552, 44.8890888], [6.633071, 44.8891891], [6.63316, 44.8893275], [6.6332091, 44.8894082], [6.6331647, 44.8894212], [6.6329939, 44.8894711], [6.6328374, 44.8895162], [6.6328224, 44.8894916], [6.6328031, 44.8894549], [6.6327751, 44.8894637], [6.6327253, 44.8894119], [6.6326988, 44.8893028], [6.6326514, 44.8892135], [6.6328173, 44.8891614], [6.632987, 44.8891096], [6.6330552, 44.8890888]]}";;Virgile1994;221459058;2013-10-28T21:26:00+01:00;bus_station;;"{""name"": ""Gare Routi\u00e8re SNCF"", ""public_transport"": ""station""}"
44.88964085,6.6335113;"{""type"": ""LineString"", ""coordinates"": [[6.6334825, 44.8896414], [6.6335248, 44.8896589], [6.6335401, 44.8896403], [6.6334978, 44.8896228], [6.6334825, 44.8896414]]}";;nounours77;234494825;2016-03-13T21:15:04+01:00;shelter;;"{""shelter_type"": ""public_transport""}"
43.5540204906,7.02098163001;"{""type"": ""LineString"", ""coordinates"": [[7.0191994, 43.5540332], [7.0191945, 43.5541033], [7.0198273, 43.5541312], [7.0198815, 43.5541201], [7.0199366, 43.5540961], [7.0201371, 43.554085], [7.0203545, 43.5540769], [7.020356, 43.5541271], [7.0205769, 43.5541154], [7.0206754, 43.5540764], [7.0211972, 43.5540409], [7.0212992, 43.5540658], [7.0216638, 43.5540286], [7.0227822, 43.5539613], [7.0227724, 43.5538945], [7.0209304, 43.553993], [7.0208341, 43.5539981], [7.0202174, 43.5540312], [7.0191994, 43.5540332]]}";;Anonix35;142529146;2016-02-25T21:04:15+01:00;parking;;"{""parking"": ""surface""}"
43.6618691338,7.19289440126;"{""type"": ""LineString"", ""coordinates"": [[7.1925361, 43.6617741], [7.1925963, 43.6617141], [7.1932672, 43.661965], [7.19322, 43.6619909], [7.1930783, 43.6619497], [7.1929204, 43.6619379], [7.1927282, 43.6618825], [7.1925361, 43.6617741]]}";;CartoDan;369164958;2015-09-04T22:12:10+02:00;parking;;
43.7035197235,7.25976222406;"{""type"": ""LineString"", ""coordinates"": [[7.2605549, 43.7037674], [7.2605989, 43.7037889], [7.2606039, 43.7038308], [7.2606048, 43.7038481], [7.2606035, 43.7038758], [7.2605851, 43.7038984], [7.2605494, 43.7039153], [7.2605061, 43.7039235], [7.2604734, 43.7039254], [7.258927, 43.7032461], [7.2589303, 43.703233], [7.2589216, 43.7032127], [7.2589153, 43.703185], [7.2589227, 43.703158], [7.2589422, 43.7031376], [7.2589717, 43.7031267], [7.2590266, 43.7031114], [7.2605549, 43.7037674]]}";;VinceBot;39216832;2017-09-26T23:56:42+02:00;parking;;"{""building"": ""yes"", ""fee"": ""yes"", ""capacity"": ""600"", ""name"": ""Parking Thiers"", ""parking"": ""multi-storey"", ""parking:condition:area"": ""ticket"", ""maxheight"": ""1.80"", ""height"": ""21""}"
43.1994858,5.6329909;"{""type"": ""Point"", ""coordinates"": [5.6329909, 43.1994858]}";;cquest;2364712872;2013-06-28T20:25:43+02:00;bench;;
43.6223485,4.8005767;"{""type"": ""Point"", ""coordinates"": [4.8005767, 43.6223485]}";;Virgile1994;3180376370;2014-11-11T10:40:31+01:00;taxi;;
43.6843872,4.6319088;"{""type"": ""Point"", ""coordinates"": [4.6319088, 43.6843872]}";;cOSMografix;2676682955;2017-06-13T09:09:31+02:00;bicycle_parking;;"{""covered"": ""yes"", ""capacity"": ""10"", ""bicycle_parking"": ""anchors""}"
43.9215255,4.7858911;"{""type"": ""Point"", ""coordinates"": [4.7858911, 43.9215255]}";;JLZIMMERMANN;2477627299;2015-05-03T14:43:37+02:00;vending_machine;;"{""source"": ""survey"", ""indoor"": ""yes"", ""vending"": ""sweets"", ""level"": ""0""}"
43.9214641,4.786071;"{""type"": ""Point"", ""coordinates"": [4.786071, 43.9214641]}";;JLZIMMERMANN;2477743456;2013-09-30T16:50:35+02:00;bench;;"{""operator"": ""SNCF"", ""source"": ""survey 2013"", ""indoor"": ""yes"", ""backrest"": ""yes""}"
43.9221555,4.7861786;"{""type"": ""Point"", ""coordinates"": [4.7861786, 43.9221555]}";;JLZIMMERMANN;2500655724;2015-07-01T10:55:04+02:00;bench;;"{""source"": ""survey 2013"", ""level"": ""0""}"
43.9222016,4.7861473;"{""type"": ""Point"", ""coordinates"": [4.7861473, 43.9222016]}";;JLZIMMERMANN;2500655728;2015-07-01T10:55:04+02:00;bench;;"{""source"": ""survey 2013"", ""level"": ""0""}"
43.9220942,4.7861458;"{""type"": ""Point"", ""coordinates"": [4.7861458, 43.9220942]}";;JLZIMMERMANN;2500655743;2015-07-01T10:55:05+02:00;bench;;"{""source"": ""survey 2013"", ""level"": ""0"", ""operator"": ""SNCF"", ""colour"": ""brown"", ""backrest"": ""no""}"
43.9420147,4.8051596;"{""type"": ""Point"", ""coordinates"": [4.8051596, 43.9420147]}";;JLZIMMERMANN;925374627;2017-06-23T08:35:05+02:00;taxi;;"{""source"": ""survey 2016"", ""survey:date"": ""2017-06-23"", ""level"": ""0""}"
44.0409947,4.8929877;"{""type"": ""Point"", ""coordinates"": [4.8929877, 44.0409947]}";;tony emery;3833829735;2016-04-01T11:44:53+02:00;waste_basket;;"{""source"": ""CCPRO 2016"", ""waste"": ""trash"", ""operator"": ""CCPRO"", ""recycling"": ""yes"", ""waste_basket:position"": ""green""}"
44.0409774,4.8929789;"{""type"": ""Point"", ""coordinates"": [4.8929789, 44.0409774]}";;JLZIMMERMANN;3833829737;2015-11-13T08:49:20+01:00;bench;;"{""source"": ""CCPRO 2015"", ""length"": ""1.76"", ""backrest"": ""no"", ""seats"": ""3"", ""colour"": ""grey"", ""bench:position"": ""green"", ""width"": ""0.50"", ""armrest"": ""yes""}"
44.137332,4.8193249;"{""type"": ""Point"", ""coordinates"": [4.8193249, 44.137332]}";;cabinetcourbi;2397216219;2018-06-19T08:06:09+02:00;bench;;"{""backrest"": ""yes"", ""colour"": ""brown"", ""survey:date"": ""2018-03-21"", ""source"": ""survey"", ""mapillary"": ""gwbj0pt62QFuPMQwAlN_LA"", ""separator"": ""yes"", ""seats"": ""3"", ""operator"": ""SNCF"", ""level"": ""0"", ""armrest"": ""yes""}"
44.1373119,4.8193457;"{""type"": ""Point"", ""coordinates"": [4.8193457, 44.1373119]}";;cabinetcourbi;2397216222;2018-06-19T08:06:09+02:00;bench;;"{""survey:date"": ""2018-03-21"", ""indoor"": ""yes"", ""backrest"": ""yes"", ""level"": ""0"", ""colour"": ""brown"", ""material"": ""wood"", ""source"": ""survey"", ""mapillary"": ""gwbj0pt62QFuPMQwAlN_LA"", ""seats"": ""3"", ""operator"": ""SNCF"", ""armrest"": ""yes""}"
44.1373318,4.8201658;"{""type"": ""Point"", ""coordinates"": [4.8201658, 44.1373318]}";;cabinetcourbi;2484967617;2018-09-03T08:08:50+02:00;bench;;"{""seats"": ""3"", ""source"": ""survey"", ""material"": ""wood"", ""backrest"": ""yes"", ""operator"": ""SNCF"", ""covered"": ""no"", ""colour"": ""grey"", ""level"": ""0"", ""armrest"": ""yes""}"
44.2715355,4.708207;"{""type"": ""Point"", ""coordinates"": [4.708207, 44.2715355]}";;celmarann;3979405477;2018-03-15T15:16:29+01:00;waste_basket;;
43.3045878,5.3790282;"{""type"": ""Point"", ""coordinates"": [5.3790282, 43.3045878]}";;M GM;1345234438;2017-06-16T15:30:26+02:00;bicycle_rental;;"{""website"": ""http://www.levelo-mpm.fr/"", ""capacity"": ""15"", ""name"": ""Saint-Charles Facult\u00e9"", ""operator"": ""Cyclocity"", ""ref"": ""1316"", ""network"": ""Le v\u00e9lo""}"
43.2954954,5.5645501;"{""type"": ""Point"", ""coordinates"": [5.5645501, 43.2954954]}";;Secouss;4200453516;2018-12-05T10:57:23+01:00;shelter;;"{""lit"": ""yes"", ""name"": ""Gare d'Aubagne"", ""shelter_type"": ""public_transport"", ""bench"": ""yes""}"
43.2956276,5.56481;"{""type"": ""Point"", ""coordinates"": [5.56481, 43.2956276]}";;Secouss;4200453553;2018-12-05T10:57:23+01:00;shelter;;"{""lit"": ""yes"", ""name"": ""Gare d'Aubagne"", ""shelter_type"": ""public_transport"", ""bench"": ""yes""}"
43.2958673,5.5657752;"{""type"": ""Point"", ""coordinates"": [5.5657752, 43.2958673]}";;Secouss;4200453698;2018-12-06T11:30:03+01:00;shelter;;"{""lit"": ""yes"", ""name"": ""Gare d'Aubagne"", ""shelter_type"": ""public_transport"", ""bench"": ""yes""}"
43.2959547,5.5667338;"{""type"": ""Point"", ""coordinates"": [5.5667338, 43.2959547]}";;FrançoiseR;5302065826;2017-12-24T14:01:53+01:00;taxi;;
43.8231048,5.7931837;"{""type"": ""Point"", ""coordinates"": [5.7931837, 43.8231048]}";;Pa413;3673798337;2015-07-30T19:40:16+02:00;post_box;;"{""operator"": ""La Poste"", ""ref"": ""A0T4S0""}"
44.5638892,6.0860821;"{""type"": ""Point"", ""coordinates"": [6.0860821, 44.5638892]}";;PierrickGallet;4000650506;2016-02-11T18:20:02+01:00;waste_basket;;
44.5625675,6.0855085;"{""type"": ""Point"", ""coordinates"": [6.0855085, 44.5625675]}";;Pa413;4434053951;2020-04-15T08:17:20+02:00;shelter;;"{""name"": ""Gap - Gare SNCF"", ""shelter_type"": ""public_transport"", ""bench"": ""yes""}"
44.889276,6.6330334;"{""type"": ""Point"", ""coordinates"": [6.6330334, 44.889276]}";;Virgile1994;2511998665;2013-10-28T21:24:09+01:00;taxi;;"{""name"": ""Gare Routi\u00e8re SNCF""}"
43.6623826,7.1944249;"{""type"": ""Point"", ""coordinates"": [7.1944249, 43.6623826]}";;pfr;1370762222;2011-07-23T08:37:19+02:00;vending_machine;;"{""dispensing"": ""tickets""}"
43.7071785,7.3141425;"{""type"": ""Point"", ""coordinates"": [7.3141425, 43.7071785]}";;thetornado76;1412181295;2019-03-29T06:06:25+01:00;parking;;"{""parking"": ""surface""}"
43.1994373351,5.6325542105;"{""type"": ""LineString"", ""coordinates"": [[5.6327739, 43.1990861], [5.6330543, 43.1983395], [5.6329064, 43.198319], [5.6327593, 43.1982916], [5.6327158, 43.1982808], [5.6326842, 43.198369], [5.6325094, 43.1988092], [5.6323702, 43.1998284], [5.6322787, 43.1999053], [5.6321594, 43.2004301], [5.6321415, 43.2005939], [5.6323124, 43.2006122], [5.6324617, 43.2005954], [5.6326068, 43.199927], [5.6325432, 43.1997965], [5.6325618, 43.1997003], [5.6325646, 43.199686], [5.6326098, 43.1994527], [5.6326148, 43.1994268], [5.6326181, 43.1992894], [5.6325789, 43.1992722], [5.632597, 43.1991935], [5.6327739, 43.1990861]]}";;jseigneuret;199528705;2016-07-20T15:03:25+02:00;parking;;"{""parking"": ""surface""}"
43.1082198949,6.12552961693;"{""type"": ""LineString"", ""coordinates"": [[6.1249628, 43.1088129], [6.1248522, 43.1087004], [6.1246311, 43.1085467], [6.1248795, 43.1083985], [6.1249396, 43.1084401], [6.1259144, 43.1077057], [6.1260768, 43.1075413], [6.1263584, 43.1076882], [6.126196, 43.1078858], [6.1262538, 43.107931], [6.1257266, 43.1083754], [6.1254143, 43.1086183], [6.1253386, 43.1087483], [6.1252566, 43.1087129], [6.1251793, 43.1086538], [6.1249628, 43.1088129]]}";;manuel-128;390772194;2020-04-04T20:32:24+02:00;parking;;"{""source"": ""Bing""}"
43.9221535135,4.78142333363;"{""type"": ""LineString"", ""coordinates"": [[4.781137, 43.9228545], [4.7809989, 43.9227928], [4.78086, 43.9226798], [4.7806914, 43.9224243], [4.7806273, 43.9222461], [4.780658, 43.9220647], [4.7813004, 43.9218212], [4.7809632, 43.9217113], [4.780816, 43.9217266], [4.7807489, 43.9216734], [4.7807531, 43.921629], [4.7807721, 43.9215982], [4.7808315, 43.9215789], [4.7808747, 43.9215926], [4.7822058, 43.9219435], [4.7822615, 43.9220564], [4.7823414, 43.9220272], [4.7823909, 43.9221084], [4.7823083, 43.9221403], [4.782435, 43.9223924], [4.7824167, 43.9224225], [4.781137, 43.9228545]]}";;cOSMografix;131742685;2018-01-12T01:47:25+01:00;parking;;"{""note"": ""v\u00e9rifier le bon emplacement"", ""fee"": ""yes"", ""capacity"": ""569"", ""description"": ""Parking tarif r\u00e9duit"", ""surface"": ""asphalt"", ""access"": ""yes"", ""source"": ""plan gare TGV;IGN France 2017"", ""supervised"": ""yes"", ""maxstay"": ""No"", ""parking"": ""surface"", ""operator"": ""EFFIA"", ""name"": ""P6 longue dur\u00e9e.""}"
43.9205252315,4.7865006144;"{""type"": ""LineString"", ""coordinates"": [[4.7858165, 43.9208715], [4.7856847, 43.9204349], [4.7871525, 43.920205], [4.7871643, 43.9202439], [4.7871663, 43.9202506], [4.7872015, 43.9203673], [4.7872454, 43.9203604], [4.7872853, 43.9204926], [4.7872248, 43.9205021], [4.7872392, 43.9205497], [4.7870591, 43.9205779], [4.7870432, 43.9205253], [4.786879, 43.920551], [4.7868883, 43.9205819], [4.7868167, 43.9205931], [4.7868518, 43.9207093], [4.7858165, 43.9208715]]}";;Patchi;88725309;2020-01-02T23:31:39+01:00;parking;;"{""source"": ""cadastre-dgi-fr source : Direction G\u00e9n\u00e9rale des Imp\u00f4ts - Cadastre. Mise \u00e0 jour : 2010"", ""parking"": ""surface"", ""description"": ""Parking v\u00e9hicules de location"", ""name"": ""P3""}"
43.9213528652,4.78580300347;"{""type"": ""LineString"", ""coordinates"": [[4.7845514, 43.9218458], [4.7844721, 43.9217022], [4.7857746, 43.9212771], [4.787045, 43.9208586], [4.7871385, 43.9210064], [4.7863687, 43.9212641], [4.7863606, 43.9212475], [4.7858552, 43.9214081], [4.7853427, 43.921573], [4.7853568, 43.9215946], [4.7845514, 43.9218458]]}";;JLZIMMERMANN;131737483;2015-05-03T14:42:16+02:00;parking;;"{""name"": ""D\u00e9pose minute"", ""parking"": ""surface""}"
43.9202108013,4.78782143487;"{""type"": ""LineString"", ""coordinates"": [[4.7875184, 43.9205433], [4.7874218, 43.9205579], [4.7873844, 43.9204563], [4.7873401, 43.9202794], [4.7873158, 43.9201241], [4.7872721, 43.9199935], [4.7882337, 43.919874], [4.7883754, 43.9204174], [4.7876467, 43.9205244], [4.7875184, 43.9205433]]}";;Gall;131744783;2011-11-16T14:00:55+01:00;parking;;"{""source"": ""plan gare TGV"", ""parking"": ""surface"", ""description"": ""Parking longue dur\u00e9e"", ""name"": ""P3 Est""}"
44.041121275,4.89335226853;"{""type"": ""LineString"", ""coordinates"": [[4.8932869, 44.0410484], [4.8933693, 44.0410309], [4.8934167, 44.0411944], [4.8933373, 44.041213], [4.8932869, 44.0410484]]}";;JLZIMMERMANN;292287829;2014-07-11T12:15:45+02:00;parking;;"{""source"": ""CCPRO 2014""}"
44.1375657954,4.8189515852;"{""type"": ""LineString"", ""coordinates"": [[4.8187996, 44.1376633], [4.818774, 44.1376121], [4.8190512, 44.137505], [4.8190874, 44.1374549], [4.8191121, 44.1374591], [4.8190948, 44.1375117], [4.8190806, 44.1375465], [4.8187996, 44.1376633]]}";;cabinetcourbi;220843839;2018-08-29T08:03:12+02:00;parking;;"{""access"": ""yes"", ""lit"": ""yes"", ""fee"": ""no"", ""capacity"": ""12"", ""source"": ""CCPRO 2017"", ""level"": ""0"", ""operator"": ""SNCF"", ""source:capacity"": ""survey"", ""surface"": ""asphalt""}"
43.3029769152,5.38197975036;"{""type"": ""LineString"", ""coordinates"": [[5.3820211, 43.3029838], [5.3819579, 43.3029505], [5.3819384, 43.3029701], [5.3820017, 43.3030033], [5.3820211, 43.3029838]]}";;Virgile1994;417092650;2016-05-10T22:17:32+02:00;shelter;;"{""level"": ""0""}"
43.2954268818,5.40598452295;"{""type"": ""LineString"", ""coordinates"": [[5.4056566, 43.2955236], [5.4056605, 43.2955374], [5.4056397, 43.2955355], [5.4056307, 43.2955347], [5.4056244, 43.2955629], [5.4056205, 43.2955621], [5.4056107, 43.2955973], [5.4056856, 43.2956127], [5.4056889, 43.2956044], [5.4058021, 43.2956257], [5.4058501, 43.2955956], [5.4058976, 43.2956249], [5.4058715, 43.2956468], [5.4059566, 43.2956618], [5.4060569, 43.2957204], [5.4064359, 43.2953942], [5.4062488, 43.2952776], [5.4061563, 43.2953569], [5.40598, 43.2952474], [5.4060006, 43.2951986], [5.4060137, 43.2951676], [5.405814, 43.2951229], [5.405811, 43.2951219], [5.4057805, 43.2951154], [5.4057509, 43.2952055], [5.4057606, 43.295207], [5.4056566, 43.2955092], [5.4056566, 43.2955236]]}";;M GM;200030349;2019-08-14T16:10:15+02:00;parking;;"{""building"": ""parking"", ""layer"": ""-1"", ""fee"": ""yes"", ""capacity"": ""200"", ""name"": ""Parking relais M\u00e9tro La Blancarde"", ""opening_hours"": ""Mo-Fr 06:30-20:00"", ""access"": ""customers"", ""source"": ""cadastre-dgi-fr source : Direction G\u00e9n\u00e9rale des Imp\u00f4ts - Cadastre;mise \u00e0 jour : 2015"", ""parking"": ""underground"", ""operator"": ""RTM"", ""park_ride"": ""yes"", ""payment"": ""transpass""}"
43.4563144775,5.31766082597;"{""type"": ""LineString"", ""coordinates"": [[5.3181556, 43.45603], [5.3178875, 43.4563888], [5.3175332, 43.4567633], [5.3172447, 43.4567291], [5.3173386, 43.4564916], [5.317353, 43.4564202], [5.3175728, 43.455896], [5.3181556, 43.45603]]}";;gileri;23695408;2018-12-20T14:09:27+01:00;parking;;"{""lit"": ""yes"", ""fee"": ""yes"", ""capacity"": ""145"", ""name"": ""P4 : Parking Abonn\u00e9s Gare TGV"", ""level"": ""0"", ""ref"": ""P4"", ""parking"": ""surface"", ""access"": ""permissive"", ""capacity:disabled"": ""yes"", ""operator"": ""EFFIA"", ""park_ride"": ""no""}"
43.4540977652,5.31736291597;"{""type"": ""LineString"", ""coordinates"": [[5.3173601, 43.4540521], [5.3173988, 43.4540602], [5.3173658, 43.4541434], [5.317327, 43.4541353], [5.3173601, 43.4540521]]}";;overflorian;666854487;2019-01-29T09:32:35+01:00;car_rental;;"{""wheelchair"": ""yes"", ""indoor"": ""area"", ""name"": ""Avis"", ""level"": ""0""}"
43.5228751857,5.44530921274;"{""type"": ""LineString"", ""coordinates"": [[5.4455116, 43.5226529], [5.4456249, 43.5227401], [5.4454708, 43.5228438], [5.4454801, 43.5228499], [5.4452568, 43.5230003], [5.4452475, 43.522993], [5.4450995, 43.5230937], [5.4450422, 43.5230494], [5.4449989, 43.5230159], [5.4449891, 43.5230082], [5.4455116, 43.5226529]]}";;Pihair;87800827;2019-10-27T10:28:03+01:00;public_building;;"{""building"": ""train_station"", ""shop"": ""ticket"", ""name"": ""Gare SNCF"", ""source"": ""cadastre-dgi-fr source : Direction G\u00e9n\u00e9rale des Imp\u00f4ts - Cadastre. Mise \u00e0 jour : 2010""}"
43.5537944247,7.0216468349;"{""type"": ""LineString"", ""coordinates"": [[7.021206, 43.5536757], [7.021343, 43.5536711], [7.0220051, 43.5536464], [7.0220637, 43.5536442], [7.0220694, 43.5536909], [7.022086, 43.553912], [7.0219086, 43.5539193], [7.0214231, 43.5539387], [7.0212743, 43.5539447], [7.021235, 43.5539483], [7.0212329, 43.5539064], [7.021206, 43.5536757]]}";;Anonix35;64947514;2018-12-01T20:52:58+01:00;parking;;"{""access"": ""customers"", ""building"": ""yes"", ""fee"": ""yes"", ""supervised"": ""yes"", ""name"": ""Gare SNCF"", ""parking"": ""multi-storey"", ""surface"": ""asphalt"", ""source"": ""cadastre-dgi-fr source : Direction G\u00e9n\u00e9rale des Imp\u00f4ts - Cadastre. Mise \u00e0 jour : 2010""}"
43.6586683324,7.14913299944;"{""type"": ""LineString"", ""coordinates"": [[7.1486079, 43.6583581], [7.1486262, 43.658374], [7.1493308, 43.6589874], [7.1496648, 43.6589894], [7.1488665, 43.658305], [7.1486079, 43.6583581]]}";;fmorel;42561364;2013-08-03T19:37:43+02:00;parking;;"{""name"": ""Parking de la Gare""}"
43.1994251,5.6327137;"{""type"": ""Point"", ""coordinates"": [5.6327137, 43.1994251]}";;Lazib;2364712864;2016-02-05T14:41:32+01:00;bench;;"{""shelter"": ""no"", ""source"": ""Universit\u00e9 Aix-Marseille"", ""level"": ""0"", ""backrest"": ""no""}"
43.199546,5.6323749;"{""type"": ""Point"", ""coordinates"": [5.6323749, 43.199546]}";;cquest;2364712879;2013-06-28T20:25:44+02:00;taxi;;
43.1995985,5.6323483;"{""type"": ""Point"", ""coordinates"": [5.6323483, 43.1995985]}";;cquest;2364712884;2013-06-28T20:25:44+02:00;cafe;;
43.9220791,4.7864209;"{""type"": ""Point"", ""coordinates"": [4.7864209, 43.9220791]}";;JLZIMMERMANN;2500655721;2015-07-01T10:55:04+02:00;bench;;"{""source"": ""survey 2013"", ""level"": ""0""}"
43.9420993,4.8055548;"{""type"": ""Point"", ""coordinates"": [4.8055548, 43.9420993]}";;JLZIMMERMANN;2520818327;2019-11-21T11:50:11+01:00;vending_machine;;"{""covered"": ""yes"", ""survey:date"": ""2019-03-29"", ""vending"": ""parking_tickets"", ""source"": ""survey""}"
43.9421936,4.80485;"{""type"": ""Point"", ""coordinates"": [4.80485, 43.9421936]}";;JLZIMMERMANN;2520850545;2018-05-28T09:18:10+02:00;bicycle_parking;;"{""mapillary"": ""UzwB9v3g_o5rPwTizH9MpA"", ""survey:date"": ""2018-04-05"", ""capacity"": ""8"", ""bicycle_parking"": ""bollard""}"
44.1373593,4.8193409;"{""type"": ""Point"", ""coordinates"": [4.8193409, 44.1373593]}";;cabinetcourbi;2397216221;2018-06-19T08:06:10+02:00;bench;;"{""survey:date"": ""2018-05-23"", ""backrest"": ""yes"", ""level"": ""0"", ""colour"": ""brown"", ""material"": ""wood"", ""indoor"": ""yes"", ""source"": ""survey"", ""seats"": ""3"", ""operator"": ""SNCF"", ""armrest"": ""yes""}"
44.1372482,4.8194084;"{""type"": ""Point"", ""coordinates"": [4.8194084, 44.1372482]}";;tony emery;2409917724;2019-03-08T17:25:14+01:00;vending_machine;;"{""operator"": ""SNCF"", ""source"": ""survey 2013"", ""transport"": ""ticket_office""}"
44.137385,4.8200048;"{""type"": ""Point"", ""coordinates"": [4.8200048, 44.137385]}";;cabinetcourbi;2484967618;2018-09-03T08:08:50+02:00;bench;;"{""survey:date"": ""2017-06-28"", ""backrest"": ""yes"", ""colour"": ""grey"", ""material"": ""wood"", ""source"": ""survey"", ""mapillary"": ""fEcBKioWhfhMki0U48oxTw"", ""seats"": ""3"", ""operator"": ""SNCF"", ""covered"": ""no"", ""level"": ""0"", ""armrest"": ""yes""}"
44.1374186,4.8194549;"{""type"": ""Point"", ""coordinates"": [4.8194549, 44.1374186]}";;JLZIMMERMANN;2484972499;2019-03-29T18:49:11+01:00;waste_basket;;"{""source"": ""survey"", ""waste"": ""trash"", ""level"": ""0"", ""operator"": ""SNCF"", ""indoor"": ""no""}"
44.1373951,4.8193782;"{""type"": ""Point"", ""coordinates"": [4.8193782, 44.1373951]}";;tony emery;2484976592;2016-04-01T11:44:46+02:00;waste_basket;;"{""source"": ""CCPRO 2016"", ""waste"": ""trash"", ""level"": ""0"", ""operator"": ""SNCF"", ""colour"": ""black"", ""indoor"": ""yes""}"
44.1374349,4.8193358;"{""type"": ""Point"", ""coordinates"": [4.8193358, 44.1374349]}";;JLZIMMERMANN;3873190955;2016-04-02T23:42:28+02:00;ticket_validator;;"{""source"": ""survey 2015"", ""mapillary"": ""1Ucgx_ZM7xiT0Xc5IwsV8w"", ""level"": ""0"", ""colour"": ""yellow"", ""indoor"": ""yes""}"
44.1373669,4.8194014;"{""type"": ""Point"", ""coordinates"": [4.8194014, 44.1373669]}";;JLZIMMERMANN;3873224251;2019-08-10T08:31:44+02:00;vending_machine;;"{""source"": ""survey"", ""mapillary"": ""Pv6roU4uFABksHr_xyfnKw"", ""survey:date"": ""2019-08-10"", ""vending"": ""food"", ""level"": ""0"", ""operator"": ""Selecta"", ""colour"": ""red"", ""indoor"": ""yes""}"
44.2716353,4.7081655;"{""type"": ""Point"", ""coordinates"": [4.7081655, 44.2716353]}";;tjes;4054622343;2016-03-11T13:32:57+01:00;bench;;"{""seats"": ""3"", ""material"": ""steel"", ""backrest"": ""yes""}"
43.3014729,5.3799597;"{""type"": ""Point"", ""coordinates"": [5.3799597, 43.3014729]}";;M GM;409097886;2016-11-26T15:13:49+01:00;bicycle_rental;;"{""website"": ""http://www.levelo-mpm.fr/"", ""capacity"": ""19"", ""name"": ""Saint-Charles Marseillaises"", ""operator"": ""Cyclocity"", ""ref"": ""1301"", ""network"": ""Le v\u00e9lo""}"
43.3022588,5.380754;"{""type"": ""Point"", ""coordinates"": [5.380754, 43.3022588]}";;oc-OpenStreetMap;4177271456;2019-05-20T18:57:19+02:00;taxi;;"{""name:oc"": ""Gara de Marselha-Sant Carles (Depausa)"", ""source:name:oc"": ""ieo-bdtopoc"", ""name"": ""Gare de Marseille-Saint-Charles (D\u00e9pose)"", ""level"": ""-1""}"
43.2965712,5.4060491;"{""type"": ""Point"", ""coordinates"": [5.4060491, 43.2965712]}";;FrançoiseR;3876695396;2015-12-04T18:41:11+01:00;taxi;;
43.2953763,5.56558;"{""type"": ""Point"", ""coordinates"": [5.56558, 43.2953763]}";;FrançoiseR;4200453499;2019-11-22T19:12:15+01:00;shelter;;"{""name"": ""Gare d'Aubagne"", ""shelter_type"": ""public_transport""}"
43.2955803,5.564532;"{""type"": ""Point"", ""coordinates"": [5.564532, 43.2955803]}";;Secouss;4200453542;2018-12-05T10:57:23+01:00;shelter;;"{""lit"": ""yes"", ""name"": ""Gare d'Aubagne"", ""shelter_type"": ""public_transport"", ""bench"": ""yes""}"
43.5536711,7.021343;"{""type"": ""Point"", ""coordinates"": [7.021343, 43.5536711]}";;seatsea;3706651974;2020-05-05T09:47:38+02:00;parking_entrance;;
43.6577943,7.1481034;"{""type"": ""Point"", ""coordinates"": [7.1481034, 43.6577943]}";;fmorel;3076322074;2014-09-14T10:04:50+02:00;post_box;;
43.7028919,7.2594475;"{""type"": ""Point"", ""coordinates"": [7.2594475, 43.7028919]}";;Xigan;3644649003;2020-02-01T16:59:44+01:00;bicycle_parking;;"{""covered"": ""no"", ""capacity"": ""10"", ""bicycle_parking"": ""stands""}"
43.7103339,7.2555119;"{""type"": ""Point"", ""coordinates"": [7.2555119, 43.7103339]}";;theop06;7545896997;2020-05-21T20:21:20+02:00;shelter;;"{""shelter_type"": ""public_transport"", ""bench"": ""yes""}"
43.6844460916,4.63106571061;"{""type"": ""LineString"", ""coordinates"": [[4.630887, 43.684506], [4.6308285, 43.6844863], [4.6305564, 43.6843764], [4.6305756, 43.6843507], [4.6305884, 43.6843327], [4.6310921, 43.684393], [4.6314879, 43.6844387], [4.6315453, 43.6844586], [4.6315846, 43.6844863], [4.631459, 43.6845334], [4.6312275, 43.6845506], [4.6310597, 43.6845286], [4.630887, 43.684506]]}";;haavee;312191372;2019-12-02T17:45:11+01:00;bus_station;;"{""wheelchair"": ""yes"", ""name"": ""Gare Routi\u00e8re"", ""public_transport"": ""station""}"
43.9212959019,4.78413193326;"{""type"": ""LineString"", ""coordinates"": [[4.7832107, 43.9217713], [4.7830124, 43.9214837], [4.7850671, 43.9208301], [4.785106, 43.9208525], [4.785253, 43.9210954], [4.7832107, 43.9217713]]}";;JLZIMMERMANN;131737484;2013-04-24T09:06:48+02:00;parking;;"{""parking"": ""surface"", ""description"": ""Parking longue dur\u00e9e"", ""name"": ""P2""}"
43.9230791063,4.7865429378;"{""type"": ""LineString"", ""coordinates"": [[4.7866089, 43.9230952], [4.7865166, 43.9231251], [4.786477, 43.923063], [4.7865692, 43.9230331], [4.7866089, 43.9230952]]}";;nlehuby;83749921;2020-04-02T22:09:15+02:00;car_rental;;"{""building"": ""yes"", ""source:building"": ""cadastre-dgi-fr source : Direction G\u00e9n\u00e9rale des Imp\u00f4ts - Cadastre. Mise \u00e0 jour : 2010"", ""brand:wikidata"": ""Q1376256"", ""source:name"": ""survey"", ""wall"": ""no"", ""brand"": ""Europcar"", ""survey:date"": ""2018-11-02"", ""name"": ""Europcar""}"
43.9225745068,4.78623823749;"{""type"": ""LineString"", ""coordinates"": [[4.7863049, 43.9225928], [4.7862126, 43.9226227], [4.7861716, 43.9225562], [4.7862638, 43.9225263], [4.7863049, 43.9225928]]}";;cabinetcourbi;83753493;2018-11-03T08:11:46+01:00;car_rental;;"{""building"": ""retail"", ""shop"": ""yes"", ""name"": ""Avis"", ""source"": ""cadastre-dgi-fr source : Direction G\u00e9n\u00e9rale des Imp\u00f4ts - Cadastre. Mise \u00e0 jour : 2010"", ""brand"": ""Avis;Budget""}"
43.9423614324,4.80482803614;"{""type"": ""LineString"", ""coordinates"": [[4.8046945, 43.9421894], [4.8048153, 43.9421538], [4.8050995, 43.9423585], [4.8051347, 43.9424731], [4.8046524, 43.9425282], [4.8046155, 43.9425079], [4.804584, 43.9423295], [4.8045806, 43.9422911], [4.8045738, 43.9422128], [4.8046945, 43.9421894]]}";;JLZIMMERMANN;205333426;2019-11-21T11:50:11+01:00;parking;;"{""access"": ""private"", ""source"": ""survey"", ""capacity"": ""53"", ""name"": ""R\u00e9serv\u00e9 SNCF"", ""parking"": ""surface"", ""operator"": ""SNCF"", ""survey:date"": ""2018-08-28"", ""surface"": ""asphalt""}"
44.1373914,4.81885565;"{""type"": ""LineString"", ""coordinates"": [[4.8188774, 44.1373994], [4.8188779, 44.1373841], [4.8188339, 44.1373834], [4.8188334, 44.1373987], [4.8188774, 44.1373994]]}";;Patchi;792112188;2020-06-01T16:18:32+02:00;shelter;;"{""operator:shelter"": ""ClearChannel"", ""wall"": ""no"", ""ref:shelter"": ""1025"", ""shelter_type"": ""public_transport"", ""bench"": ""yes""}"
43.3024841,5.38162545;"{""type"": ""LineString"", ""coordinates"": [[5.3815892, 43.3024968], [5.3816207, 43.3025132], [5.3816617, 43.3024714], [5.3816302, 43.302455], [5.3815892, 43.3024968]]}";;Polyglot;416720157;2018-06-29T21:39:14+02:00;shelter;;"{""shelter_type"": ""public_transport""}"
43.3027095167,5.38206560083;"{""type"": ""LineString"", ""coordinates"": [[5.3820558, 43.3027395], [5.3821021, 43.3026939], [5.3820754, 43.3026795], [5.3820291, 43.3027252], [5.3820558, 43.3027395]]}";;Virgile1994;417092656;2016-05-10T22:17:33+02:00;shelter;;"{""level"": ""0""}"
43.3023534072,5.38105897607;"{""type"": ""LineString"", ""coordinates"": [[5.3812651, 43.302529], [5.3812795, 43.3025157], [5.3813086, 43.3024887], [5.3813441, 43.3024558], [5.381361, 43.3024402], [5.3808487, 43.3021762], [5.3808381, 43.302187], [5.3808077, 43.3022183], [5.3807745, 43.3022523], [5.3807588, 43.3022684], [5.3812651, 43.302529]]}";;oc-OpenStreetMap;417106517;2019-05-20T18:57:30+02:00;parking;;"{""source"": ""Bing + terrain"", ""source:name:oc"": ""ieo-bdtopoc"", ""name"": ""D\u00e9pose-minute Narwik"", ""level"": ""0"", ""name:oc"": ""Depausa-l\u00e8u Narvik""}"
43.4535052382,5.31844665672;"{""type"": ""LineString"", ""coordinates"": [[5.3183644, 43.453359], [5.3184064, 43.453374], [5.3184154, 43.4533317], [5.318477, 43.4533298], [5.3185253, 43.45332], [5.3185914, 43.4534363], [5.3186112, 43.4535342], [5.3185656, 43.4536763], [5.3184261, 43.4536627], [5.3183242, 43.4536101], [5.3182571, 43.4535985], [5.3183376, 43.4533804], [5.3183644, 43.453359]]}";;Coq;229904611;2018-09-21T11:06:23+02:00;parking;;"{""access"": ""permissive"", ""fee"": ""yes"", ""parking"": ""surface"", ""name"": ""P9 : Parking R\u00e9saplace Tarif R\u00e9duit Gare TGV"", ""level"": ""0"", ""operator"": ""EFFIA"", ""ref"": ""P9"", ""capacity:disabled"": ""yes"", ""park_ride"": ""no""}"
43.452758262,5.31753622954;"{""type"": ""LineString"", ""coordinates"": [[5.3173889, 43.4534303], [5.317333, 43.4534202], [5.3172964, 43.4534135], [5.3171744, 43.4534108], [5.3171358, 43.4533759], [5.317105, 43.4533492], [5.3170986, 43.4532737], [5.3171217, 43.4531963], [5.3172116, 43.4531544], [5.3174724, 43.453063], [5.3175956, 43.4530462], [5.3176637, 43.453036], [5.3177087, 43.453008], [5.3177588, 43.4529175], [5.3177921, 43.4527991], [5.3176868, 43.4525204], [5.31762, 43.4525483], [5.3176766, 43.4526612], [5.3168803, 43.452925], [5.3168533, 43.4528728], [5.3167698, 43.4528075], [5.3167493, 43.4527283], [5.3176008, 43.4524402], [5.31762, 43.4524672], [5.3177048, 43.4524066], [5.3178975, 43.4519824], [5.3180824, 43.4520356], [5.3179231, 43.4523973], [5.3178846, 43.452388], [5.3178756, 43.4524607], [5.3179103, 43.4524626], [5.3179938, 43.4528001], [5.317927, 43.4529903], [5.3178178, 43.4532429], [5.3177934, 43.4532868], [5.3177459, 43.4533073], [5.3173889, 43.4534303]]}";;Virgile1994;226908783;2016-06-26T17:20:05+02:00;parking;;"{""access"": ""private"", ""fee"": ""yes"", ""parking"": ""surface"", ""name"": ""Parking Location Gare TGV"", ""level"": ""0"", ""operator"": ""EFFIA"", ""ref"": ""P10"", ""capacity:disabled"": ""yes"", ""park_ride"": ""no""}"
43.4553529237,5.31808756894;"{""type"": ""LineString"", ""coordinates"": [[5.3184822, 43.4551858], [5.3183081, 43.4556626], [5.3179942, 43.4555972], [5.3179408, 43.4555519], [5.3177954, 43.4555252], [5.3178087, 43.4554864], [5.317694, 43.4554644], [5.317857, 43.4550566], [5.3184822, 43.4551858]]}";;gileri;23695403;2018-12-20T14:09:27+01:00;parking;;"{""lit"": ""yes"", ""fee"": ""yes"", ""capacity"": ""160"", ""name"": ""P5 : D\u00e9pose Minute Gare TGV"", ""level"": ""0"", ""ref"": ""P5"", ""parking"": ""surface"", ""access"": ""permissive"", ""maxstay"": ""30 min"", ""capacity:disabled"": ""4"", ""operator"": ""EFFIA"", ""park_ride"": ""no""}"
43.4558769578,5.31590380616;"{""type"": ""LineString"", ""coordinates"": [[5.3160245, 43.4563816], [5.3156086, 43.4563165], [5.3155627, 43.4562926], [5.3155496, 43.4562615], [5.3155136, 43.4560504], [5.3155065, 43.4557885], [5.3155239, 43.4555852], [5.3155966, 43.4554174], [5.3164175, 43.4555948], [5.3161332, 43.4562868], [5.3160245, 43.4563816]]}";;Coq;88764594;2018-09-21T12:05:38+02:00;parking;;"{""fee"": ""yes"", ""capacity"": ""1062"", ""name"": ""P3 : Parking Longue Dur\u00e9e / Abonn\u00e9 Gare TGV / R\u00e9saplace Classique Internet"", ""level"": ""0"", ""park_ride"": ""no"", ""parking"": ""multi-storey"", ""access"": ""permissive"", ""source"": ""cadastre-dgi-fr source : Direction G\u00e9n\u00e9rale des Imp\u00f4ts - Cadastre. Mise \u00e0 jour : 2010"", ""capacity:disabled"": ""yes"", ""operator"": ""EFFIA"", ""ref"": ""P3""}"
43.4568236761,5.31601347577;"{""type"": ""LineString"", ""coordinates"": [[5.3159638, 43.4570681], [5.3157707, 43.4568812], [5.3158807, 43.4566125], [5.3160792, 43.45663], [5.3161935, 43.4566606], [5.3161838, 43.4567157], [5.3162472, 43.4567287], [5.3161301, 43.457035], [5.3160577, 43.4570214], [5.3159638, 43.4570681]]}";;Virgile1994;229904614;2016-06-26T17:20:07+02:00;parking;;"{""capacity"": ""400"", ""name"": ""Parking Personnel SNCF Gare TGV"", ""level"": ""0"", ""park_ride"": ""no"", ""capacity:disabled"": ""yes"", ""access"": ""private"", ""source"": ""Bing"", ""parking"": ""surface"", ""operator"": ""EFFIA"", ""ref"": ""P11""}"
43.4539518702,5.31742084158;"{""type"": ""LineString"", ""coordinates"": [[5.3173913, 43.4539734], [5.3174116, 43.4539222], [5.3174504, 43.4539304], [5.3174301, 43.4539815], [5.3173913, 43.4539734]]}";;nlehuby;666854485;2020-04-02T22:09:15+02:00;car_rental;;"{""brand:wikidata"": ""Q705664"", ""level"": ""0"", ""brand"": ""Sixt"", ""indoor"": ""area"", ""wheelchair"": ""yes"", ""name"": ""Sixt""}"
43.4540167851,5.31739508403;"{""type"": ""LineString"", ""coordinates"": [[5.3173913, 43.4539734], [5.3174301, 43.4539815], [5.3173988, 43.4540602], [5.3173601, 43.4540521], [5.3173913, 43.4539734]]}";;overflorian;666854486;2019-01-29T09:32:35+01:00;car_rental;;"{""wheelchair"": ""yes"", ""indoor"": ""area"", ""name"": ""Europcar"", ""level"": ""0""}"
43.2341941087,5.55327383133;"{""type"": ""LineString"", ""coordinates"": [[5.5532172, 43.2342094], [5.5532838, 43.2341475], [5.5533304, 43.2341818], [5.5532636, 43.2342394], [5.5532172, 43.2342094]]}";;bdiscoe;75922028;2016-07-16T05:25:41+02:00;shelter;;"{""building"": ""yes"", ""source"": ""v1 cadastre-dgi-fr: 2010"", ""level"": ""0"", ""wall"": ""no"", ""shelter_type"": ""public_transport""}"
44.6745658,6.6153673;"{""type"": ""LineString"", ""coordinates"": [[6.6153542, 44.6745057], [6.6154041, 44.6745109], [6.6153804, 44.6746259], [6.6153305, 44.6746207], [6.6153542, 44.6745057]]}";;Virgile1994;229677815;2013-10-28T23:00:02+01:00;shelter;;"{""building"": ""yes"", ""source"": ""cadastre-dgi-fr source : Direction G\u00e9n\u00e9rale des Finances Publiques - Cadastre. Mise \u00e0 jour : 2013""}"
43.5708007043,7.11152117582;"{""type"": ""LineString"", ""coordinates"": [[7.1116819, 43.5709118], [7.1117485, 43.570795], [7.1115977, 43.5707552], [7.1113674, 43.5706945], [7.1113523, 43.5706905], [7.1112967, 43.5708067], [7.1116819, 43.5709118]]}";;Jiehong;30678909;2015-01-31T21:13:22+01:00;parking;;"{""operator"": ""SNCF"", ""fee"": ""yes"", ""capacity"": ""20"", ""parking"": ""surface""}"
43.7027679255,7.25828227729;"{""type"": ""LineString"", ""coordinates"": [[7.2576215, 43.7026525], [7.2578391, 43.702413], [7.2587205, 43.7027755], [7.2587116, 43.7029328], [7.2589038, 43.7030031], [7.258832, 43.7031133], [7.2576215, 43.7026525]]}";;vortininja;362392082;2017-12-22T17:13:43+01:00;parking;;"{""parking"": ""surface""}"
43.199456,5.6329572;"{""type"": ""Point"", ""coordinates"": [5.6329572, 43.199456]}";;cquest;2364712870;2013-06-28T20:25:43+02:00;drinking_water;;
43.1997052,5.6327026;"{""type"": ""Point"", ""coordinates"": [5.6327026, 43.1997052]}";;cquest;2364712894;2013-06-28T20:25:44+02:00;drinking_water;;
43.9219039,4.7850139;"{""type"": ""Point"", ""coordinates"": [4.7850139, 43.9219039]}";;Virgile1994;1450628857;2014-11-08T19:46:04+01:00;toilets;;"{""wheelchair"": ""yes"", ""indoor"": ""yes"", ""level"": ""0""}"
43.9223905,4.7869566;"{""type"": ""Point"", ""coordinates"": [4.7869566, 43.9223905]}";;frosm;2149998317;2017-12-22T20:16:28+01:00;parking_space;;"{""source"": ""Bing"", ""parking_space"": ""disabled""}"
43.9217979,4.7859968;"{""type"": ""Point"", ""coordinates"": [4.7859968, 43.9217979]}";;JLZIMMERMANN;2477578771;2015-02-20T22:16:31+01:00;bench;;"{""source"": ""survey 2015"", ""backrest"": ""no"", ""operator"": ""SNCF"", ""bench:material"": ""wood"", ""indoor"": ""yes""}"
43.9213652,4.7865519;"{""type"": ""Point"", ""coordinates"": [4.7865519, 43.9213652]}";;JLZIMMERMANN;2477611260;2013-09-30T14:47:03+02:00;vending_machine;;"{""operator"": ""SNCF"", ""source"": ""survey 2013"", ""indoor"": ""yes"", ""vending"": ""public_transport_tickets""}"
43.9219723,4.7864073;"{""type"": ""Point"", ""coordinates"": [4.7864073, 43.9219723]}";;JLZIMMERMANN;2500655736;2015-07-01T10:55:05+02:00;bench;;"{""source"": ""survey 2013"", ""level"": ""0""}"
43.9421123,4.8051426;"{""type"": ""Point"", ""coordinates"": [4.8051426, 43.9421123]}";;JLZIMMERMANN;2955798980;2018-03-28T08:34:24+02:00;post_box;;"{""note"": ""The object dispappeared or never happened to be there"", ""source"": ""survey 2017"", ""fixme"": ""absent"", ""operator"": ""La Poste"", ""colour"": ""grey"", ""ref"": ""A6I2P7""}"
44.0410854,4.8932137;"{""type"": ""Point"", ""coordinates"": [4.8932137, 44.0410854]}";;tony emery;3895521273;2016-04-01T11:44:53+02:00;waste_basket;;"{""operator"": ""CCPRO"", ""source"": ""CCPRO 2016"", ""recycling"": ""yes"", ""waste"": ""trash""}"
44.137261,4.819326;"{""type"": ""Point"", ""coordinates"": [4.819326, 44.137261]}";;JLZIMMERMANN;1529492861;2016-03-12T09:43:59+01:00;telephone;;"{""indoor"": ""yes"", ""level"": ""0""}"
44.137285,4.819328;"{""type"": ""Point"", ""coordinates"": [4.819328, 44.137285]}";;JLZIMMERMANN;1529492872;2016-03-12T09:43:59+01:00;telephone;;"{""indoor"": ""yes"", ""level"": ""0""}"
44.1374523,4.8193118;"{""type"": ""Point"", ""coordinates"": [4.8193118, 44.1374523]}";;JLZIMMERMANN;2281170418;2015-03-13T23:07:14+01:00;toilets;;"{""operator"": ""SNCF"", ""source"": ""survey 2013"", ""level"": ""0""}"
44.1374378,4.8198558;"{""type"": ""Point"", ""coordinates"": [4.8198558, 44.1374378]}";;cabinetcourbi;2484967619;2018-09-03T08:08:50+02:00;bench;;"{""survey:date"": ""2017-06-28"", ""backrest"": ""yes"", ""colour"": ""grey"", ""material"": ""wood"", ""source"": ""survey"", ""seats"": ""3"", ""operator"": ""SNCF"", ""covered"": ""no"", ""level"": ""0"", ""armrest"": ""yes""}"
44.1374269,4.819329;"{""type"": ""Point"", ""coordinates"": [4.819329, 44.1374269]}";;JLZIMMERMANN;2484975723;2015-12-02T17:52:06+01:00;vending_machine;;"{""source"": ""survey 2013"", ""vending"": ""public_transport_tickets"", ""level"": ""0"", ""operator"": ""SNCF"", ""colour"": ""yellow"", ""indoor"": ""yes""}"
44.1373964,4.8192607;"{""type"": ""Point"", ""coordinates"": [4.8192607, 44.1373964]}";;cabinetcourbi;2484979093;2018-06-19T08:06:11+02:00;bench;;"{""survey:date"": ""2018-05-23"", ""backrest"": ""yes"", ""level"": ""0"", ""colour"": ""brown"", ""material"": ""wood"", ""indoor"": ""yes"", ""source"": ""survey"", ""seats"": ""3"", ""operator"": ""SNCF"", ""armrest"": ""yes""}"
44.1373583,4.8193113;"{""type"": ""Point"", ""coordinates"": [4.8193113, 44.1373583]}";;tony emery;2484980856;2016-04-01T11:44:47+02:00;waste_basket;;"{""source"": ""CCPRO 2016"", ""waste"": ""trash"", ""capacity"": ""2"", ""level"": ""0"", ""operator"": ""SNCF"", ""covered"": ""yes"", ""indoor"": ""no""}"
44.1376719,4.8192286;"{""type"": ""Point"", ""coordinates"": [4.8192286, 44.1376719]}";;tony emery;2501910566;2016-04-01T11:44:48+02:00;waste_basket;;"{""source"": ""CCPRO 2016"", ""waste"": ""trash"", ""level"": ""0"", ""operator"": ""SNCF"", ""mapillary:S"": ""D_lnQXnb26VSXKOTL83eOw"", ""indoor"": ""no""}"
43.3023818,5.3800134;"{""type"": ""Point"", ""coordinates"": [5.3800134, 43.3023818]}";;oc-OpenStreetMap;2086034917;2020-01-02T21:02:59+01:00;taxi;;"{""name:oc"": ""Gara de Marselha - Sant Carles Sant (Montada)"", ""source:name:oc"": ""ieo-bdtopoc"", ""name"": ""Gare de Marseille-Saint-Charles (Mont\u00e9e)"", ""level"": ""-1""}"
43.3038771,5.377714;"{""type"": ""Point"", ""coordinates"": [5.377714, 43.3038771]}";;FrançoiseR;1345234436;2019-08-01T14:10:43+02:00;bicycle_rental;;"{""website"": ""http://www.levelo-mpm.fr/"", ""capacity"": ""12"", ""name"": ""Saint-Charles Zattara"", ""operator"": ""Cyclocity"", ""ref"": ""1345"", ""network"": ""Le v\u00e9lo""}"
43.2966949,5.4054163;"{""type"": ""Point"", ""coordinates"": [5.4054163, 43.2966949]}";;Secouss;4179420837;2018-12-05T10:48:53+01:00;shelter;;"{""lit"": ""yes"", ""network"": ""RTM"", ""level"": ""0"", ""operator"": ""R\u00e9gie des Transports Marseillais"", ""bench"": ""yes"", ""shelter_type"": ""public_transport"", ""name"": ""La Blancarde""}"
43.2955368,5.5648432;"{""type"": ""Point"", ""coordinates"": [5.5648432, 43.2955368]}";;Secouss;4200453526;2018-12-05T10:57:23+01:00;shelter;;"{""lit"": ""yes"", ""name"": ""Gare d'Aubagne"", ""shelter_type"": ""public_transport"", ""bench"": ""yes""}"
43.2956732,5.5650881;"{""type"": ""Point"", ""coordinates"": [5.5650881, 43.2956732]}";;Secouss;4200453561;2018-12-05T10:57:23+01:00;shelter;;"{""lit"": ""yes"", ""name"": ""Gare d'Aubagne"", ""shelter_type"": ""public_transport"", ""bench"": ""yes""}"
44.5628547,6.0857847;"{""type"": ""Point"", ""coordinates"": [6.0857847, 44.5628547]}";;Pa413;4434053952;2020-04-15T08:17:20+02:00;shelter;;"{""name"": ""Gap - Gare SNCF"", ""shelter_type"": ""public_transport"", ""bench"": ""yes""}"
44.8897496,6.6332116;"{""type"": ""Point"", ""coordinates"": [6.6332116, 44.8897496]}";;K_Peignot;2304917088;2013-05-15T12:21:09+02:00;taxi;;
43.5539126,7.0194454;"{""type"": ""Point"", ""coordinates"": [7.0194454, 43.5539126]}";;species;3039581991;2014-08-24T18:30:52+02:00;vending_machine;;"{""count"": ""2"", ""payment:debit_cards"": ""yes"", ""vending"": ""public_transport_tickets"", ""payment:coins"": ""yes"", ""payment:account_cards"": ""yes"", ""payment:credit_cards"": ""yes""}"
43.5539447,7.0212743;"{""type"": ""Point"", ""coordinates"": [7.0212743, 43.5539447]}";;Anonix35;3100495624;2019-09-28T12:11:27+02:00;parking_entrance;;"{""entrance"": ""yes""}"
43.5706888,7.1117737;"{""type"": ""Point"", ""coordinates"": [7.1117737, 43.5706888]}";;Klenje;2007944964;2012-11-11T10:45:27+01:00;taxi;;
43.5707187,7.1115051;"{""type"": ""Point"", ""coordinates"": [7.1115051, 43.5707187]}";;Klenje;2007944968;2012-11-11T10:45:27+01:00;bench;;"{""colour"": ""brown"", ""material"": ""wood"", ""backrest"": ""yes""}"
43.5859043,7.1195347;"{""type"": ""Point"", ""coordinates"": [7.1195347, 43.5859043]}";;wheelmap_visitor;1845571153;2017-05-22T14:49:57+02:00;car_rental;;"{""operator"": ""Avis"", ""wheelchair"": ""yes""}"
43.6570812,7.147291;"{""type"": ""Point"", ""coordinates"": [7.147291, 43.6570812]}";;Mg2;531609827;2013-09-30T16:02:08+02:00;taxi;;
43.7040472,7.2616862;"{""type"": ""Point"", ""coordinates"": [7.2616862, 43.7040472]}";;miniwark;3670179078;2015-07-28T14:02:38+02:00;taxi;;
43.9205965728,4.78425268446;"{""type"": ""LineString"", ""coordinates"": [[4.7849677, 43.9203168], [4.7850079, 43.9203606], [4.7850411, 43.9203968], [4.7849943, 43.9204287], [4.7850304, 43.9204657], [4.7850952, 43.9205862], [4.7840311, 43.9209262], [4.7838326, 43.9206087], [4.7834079, 43.920735], [4.7833664, 43.9206755], [4.7835476, 43.9205963], [4.7838595, 43.9204855], [4.7849677, 43.9203168]]}";;Patchi;131739227;2020-01-05T15:20:40+01:00;parking;;"{""parking"": ""surface"", ""description"": ""Parking abonn\u00e9s et box"", ""name"": ""P4""}"
43.9201793983,4.78891125662;"{""type"": ""LineString"", ""coordinates"": [[4.7885483, 43.920688], [4.7884889, 43.9205677], [4.7884421, 43.9204224], [4.7884334, 43.9203957], [4.7884943, 43.9202666], [4.7883813, 43.9198382], [4.7893015, 43.9197112], [4.7894937, 43.9204371], [4.7885483, 43.920688]]}";;Gall;131744784;2011-11-16T14:00:56+01:00;parking;;"{""parking"": ""surface"", ""description"": ""Parking longue dur\u00e9e"", ""name"": ""P5""}"
43.9215525591,4.78622076831;"{""type"": ""LineString"", ""coordinates"": [[4.7861444, 43.9216135], [4.7861092, 43.921554], [4.7862941, 43.9214913], [4.7863332, 43.9215512], [4.7861444, 43.9216135]]}";;frosm;131859996;2019-06-30T01:59:13+02:00;reception_desk;;"{""indoor"": ""yes"", ""room"": ""yes"", ""name"": ""Accueil"", ""level"": ""0""}"
43.9233463581,4.78808898291;"{""type"": ""LineString"", ""coordinates"": [[4.7880523, 43.9239078], [4.7879471, 43.9238843], [4.7875141, 43.923221], [4.787482, 43.9231472], [4.787483, 43.9231106], [4.7875179, 43.9230814], [4.7875821, 43.9230304], [4.7880531, 43.922724], [4.7881973, 43.922653], [4.7886429, 43.9238581], [4.7885833, 43.9238795], [4.7885019, 43.9238833], [4.7884164, 43.9238693], [4.788333, 43.9238668], [4.7882359, 43.9238811], [4.7880523, 43.9239078]]}";;cabinetcourbi;136174244;2018-11-28T22:09:55+01:00;parking;;"{""parking"": ""surface""}"
43.9227270305,4.78519701804;"{""type"": ""LineString"", ""coordinates"": [[4.784443, 43.9228372], [4.7844677, 43.9228777], [4.7845772, 43.9230514], [4.7850514, 43.9229027], [4.7852785, 43.9228314], [4.7855505, 43.9227461], [4.785656, 43.922713], [4.7857814, 43.9226732], [4.7858287, 43.9226589], [4.7859032, 43.9226356], [4.7859499, 43.9226209], [4.7858165, 43.9224024], [4.7852568, 43.9225796], [4.785038, 43.9226395], [4.7847335, 43.9227456], [4.784443, 43.9228372]]}";;cabinetcourbi;311800098;2020-01-29T22:16:40+01:00;bus_station;;"{""name"": ""Avignon Gare TGV"", ""public_transport"": ""station""}"
43.9422374988,4.80593387891;"{""type"": ""LineString"", ""coordinates"": [[4.805951, 43.9423791], [4.8054847, 43.9423868], [4.8054892, 43.9423435], [4.8053998, 43.9423233], [4.805467, 43.9421448], [4.8054813, 43.9421284], [4.8055302, 43.9421326], [4.8055798, 43.9420973], [4.805895, 43.9420893], [4.8058914, 43.9421345], [4.8060653, 43.9421249], [4.806483, 43.9421307], [4.8064787, 43.9422466], [4.8064562, 43.9422845], [4.8064242, 43.9423078], [4.8060774, 43.9423624], [4.805951, 43.9423791]]}";;JLZIMMERMANN;58114451;2019-11-24T18:56:28+01:00;parking;;"{""source"": ""Bing"", ""fee"": ""yes"", ""supervised"": ""yes"", ""name"": ""Gare centre"", ""surface"": ""asphalt""}"
44.1373213045,4.81921063892;"{""type"": ""LineString"", ""coordinates"": [[4.8192914, 44.1372058], [4.8192852, 44.1372298], [4.8192597, 44.137363], [4.8191159, 44.1374154], [4.8191038, 44.1373748], [4.8191569, 44.137361], [4.819189, 44.137338], [4.8192059, 44.137313], [4.8192229, 44.1372381], [4.8192432, 44.1372215], [4.8192914, 44.1372058]]}";;tony emery;147273926;2019-12-12T11:18:26+01:00;parking;;"{""access"": ""customers"", ""lit"": ""yes"", ""capacity"": ""8"", ""source"": ""survey"", ""level"": ""0"", ""operator"": ""Mairie d'Orange"", ""survey:date"": ""2019-03-29"", ""surface"": ""asphalt""}"
44.1371520993,4.81929216923;"{""type"": ""LineString"", ""coordinates"": [[4.8192431, 44.1371795], [4.8191519, 44.1372173], [4.8190981, 44.1372335], [4.8190562, 44.1372623], [4.819025, 44.1372436], [4.8190693, 44.1372114], [4.8191297, 44.1371942], [4.819466, 44.1370703], [4.8195599, 44.1370662], [4.8195599, 44.137088], [4.8194743, 44.1371008], [4.8192431, 44.1371795]]}";;tony emery;364901772;2019-12-12T11:18:26+01:00;parking;;"{""access"": ""customers"", ""source"": ""survey 2016"", ""level"": ""0"", ""operator"": ""Mairie d'Orange"", ""surface"": ""asphalt""}"
43.3023054218,5.37998327131;"{""type"": ""LineString"", ""coordinates"": [[5.380237, 43.3021138], [5.3801651, 43.3021867], [5.3800552, 43.3022982], [5.3799452, 43.3024097], [5.3798951, 43.3024605], [5.379806, 43.3025428], [5.3797296, 43.3024999], [5.3798616, 43.3023647], [5.3799695, 43.3022542], [5.3800796, 43.3021415], [5.3801515, 43.3020679], [5.380237, 43.3021138]]}";;oc-OpenStreetMap;198475589;2019-05-20T18:57:26+02:00;parking;;"{""name:oc"": ""Depausa-l\u00e8u Bourdet"", ""source:name:oc"": ""ieo-bdtopoc"", ""name"": ""D\u00e9pose-minute Bourdet"", ""level"": ""-1""}"
43.3022742791,5.38103027154;"{""type"": ""LineString"", ""coordinates"": [[5.3807776, 43.3021503], [5.3811422, 43.3023357], [5.3811717, 43.3023455], [5.3811918, 43.3023352], [5.3812556, 43.3022801], [5.3812542, 43.3022649], [5.3813427, 43.302222], [5.3813716, 43.3022259], [5.3812162, 43.3023728], [5.3812084, 43.3023796], [5.3811954, 43.3023909], [5.3811384, 43.302407], [5.3810653, 43.3023855], [5.3807555, 43.3022259], [5.3806998, 43.3021801], [5.3806945, 43.3021454], [5.3807003, 43.3021299], [5.3807059, 43.3021152], [5.3807776, 43.3021503]]}";;Virgile1994;417106512;2016-05-27T22:59:10+02:00;motorcycle_parking;;"{""fee"": ""yes"", ""level"": ""-1""}"
43.45397198,5.31666906404;"{""type"": ""LineString"", ""coordinates"": [[5.3170132, 43.4543878], [5.3169987, 43.4544222], [5.3161038, 43.4542179], [5.3160491, 43.4541405], [5.3161101, 43.4540279], [5.3162154, 43.4538983], [5.3164231, 43.4536759], [5.316551, 43.4535696], [5.316632, 43.4535129], [5.3166793, 43.4535617], [5.3167431, 43.4535605], [5.3170503, 43.453633], [5.3170792, 43.4535764], [5.3171754, 43.4535993], [5.3169252, 43.4542218], [5.3169291, 43.4542768], [5.3170132, 43.4543878]]}";;Coq;23695425;2018-10-08T11:34:30+02:00;parking;;"{""fee"": ""yes"", ""capacity"": ""216"", ""name"": ""P1 : Parking Longue Dur\u00e9e Gare TGV"", ""level"": ""0"", ""park_ride"": ""no"", ""parking"": ""surface"", ""access"": ""permissive"", ""capacity:disabled"": ""yes"", ""operator"": ""EFFIA"", ""ref"": ""P1""}"
43.4550432184,5.31680828799;"{""type"": ""LineString"", ""coordinates"": [[5.3173168, 43.4536682], [5.3173324, 43.4536316], [5.3173575, 43.453634], [5.3173887, 43.4536415], [5.3174171, 43.4536484], [5.3165309, 43.4558663], [5.3163023, 43.4564499], [5.3162764, 43.4564479], [5.3162241, 43.4564438], [5.3162017, 43.4564338], [5.3163858, 43.4559857], [5.3166375, 43.4553284], [5.3169987, 43.4544222], [5.3170132, 43.4543878], [5.3173168, 43.4536682]]}";;Coq;226908772;2018-09-29T14:48:00+02:00;parking;;"{""access"": ""yes"", ""fee"": ""yes"", ""name"": ""D\u00e9pose Minute Gare TGV"", ""maxstay"": ""30 min"", ""level"": ""0"", ""operator"": ""EFFIA"", ""parking"": ""surface""}"
43.4542749281,5.31842690957;"{""type"": ""LineString"", ""coordinates"": [[5.3180478, 43.4545711], [5.3185693, 43.4546895], [5.3187264, 43.4543519], [5.3187165, 43.4539575], [5.3187014, 43.4538995], [5.3183396, 43.4538259], [5.3180478, 43.4545711]]}";;gileri;23695401;2018-12-20T14:09:27+01:00;parking;;"{""lit"": ""yes"", ""fee"": ""yes"", ""capacity"": ""89"", ""name"": ""P6 : Parking Abonn\u00e9s Gare TGV"", ""level"": ""0"", ""ref"": ""P6"", ""parking"": ""surface"", ""access"": ""permissive"", ""capacity:disabled"": ""yes"", ""operator"": ""EFFIA"", ""park_ride"": ""no""}"
43.4570162788,5.31708584811;"{""type"": ""LineString"", ""coordinates"": [[5.3168838, 43.4572277], [5.3168275, 43.4571382], [5.3168963, 43.4570734], [5.3169777, 43.4568714], [5.3170618, 43.4568344], [5.317371, 43.4568923], [5.3173317, 43.4569902], [5.3171091, 43.457144], [5.3168838, 43.4572277]]}";;Coq;229904637;2018-09-21T12:05:40+02:00;parking;;"{""fee"": ""yes"", ""capacity"": ""33"", ""name"": ""P8 : Parking R\u00e9saplace Tarif R\u00e9duit Gare TGV"", ""level"": ""0"", ""park_ride"": ""no"", ""parking"": ""surface"", ""access"": ""permissive"", ""capacity:disabled"": ""yes"", ""operator"": ""EFFIA"", ""ref"": ""P8""}"
43.8336803622,5.04362577232;"{""type"": ""LineString"", ""coordinates"": [[5.043561, 43.8331889], [5.0433136, 43.8340776], [5.0434485, 43.8340924], [5.0437308, 43.8341336], [5.0437755, 43.8339457], [5.043886, 43.8336909], [5.0438464, 43.8332206], [5.043561, 43.8331889]]}";;Patchi;154890584;2019-09-11T19:57:24+02:00;parking;;
44.5671278959,6.49658565854;"{""type"": ""LineString"", ""coordinates"": [[6.4966284, 44.5671843], [6.4965017, 44.5671049], [6.496543, 44.5670715], [6.4966696, 44.5671509], [6.4966284, 44.5671843]]}";;TCVizeu;72511022;2019-09-07T20:45:20+02:00;shelter;;"{""building"": ""yes"", ""source"": ""extraction vectorielle v1 cadastre-dgi-fr source : Direction G\u00e9n\u00e9rale des Imp\u00f4ts - Cadas. Mise \u00e0 jour : 2010"", ""shelter_type"": ""public_transport""}"
44.7909656096,6.55609210452;"{""type"": ""LineString"", ""coordinates"": [[6.5561054, 44.7909171], [6.5561448, 44.7909955], [6.5561022, 44.7910063], [6.556097, 44.7909961], [6.5560667, 44.7910037], [6.5560411, 44.7909529], [6.5560747, 44.7909444], [6.556066, 44.7909271], [6.5561054, 44.7909171]]}";;Virgile1994;229562767;2013-10-28T23:00:02+01:00;shelter;;"{""building"": ""yes"", ""source"": ""cadastre-dgi-fr source : Direction G\u00e9n\u00e9rale des Finances Publiques - Cadastre. Mise \u00e0 jour : 2013""}"
43.1993938,5.6327165;"{""type"": ""Point"", ""coordinates"": [5.6327165, 43.1993938]}";;Lazib;2364712862;2016-02-05T14:54:28+01:00;bench;;"{""shelter"": ""no"", ""source"": ""Universit\u00e9_Aix-Marseille"", ""level"": ""0"", ""backrest"": ""no""}"
43.1997833,5.632499;"{""type"": ""Point"", ""coordinates"": [5.632499, 43.1997833]}";;cquest;2364712901;2013-06-28T20:25:44+02:00;bicycle_parking;;"{""covered"": ""yes"", ""supervised"": ""no""}"
43.1087359,6.1244166;"{""type"": ""Point"", ""coordinates"": [6.1244166, 43.1087359]}";;Guillaume Mortier;2142718474;2016-07-30T19:20:24+02:00;post_office;;"{""phone"": ""3631"", ""name"": ""Hy\u00e8res Gare"", ""source"": ""data.gouv.fr:LaPoste - 01/2013"", ""operator"": ""La Poste"", ""addr:postcode"": ""83400"", ""wheelchair"": ""no"", ""ref:FR:LaPoste"": ""15804A""}"
43.9217201,4.7859642;"{""type"": ""Point"", ""coordinates"": [4.7859642, 43.9217201]}";;JLZIMMERMANN;2477578766;2015-02-20T22:16:31+01:00;bench;;"{""source"": ""survey 2015"", ""backrest"": ""no"", ""operator"": ""SNCF"", ""bench:material"": ""wood"", ""indoor"": ""yes""}"
43.922125,4.7860438;"{""type"": ""Point"", ""coordinates"": [4.7860438, 43.922125]}";;JLZIMMERMANN;2500655715;2015-07-01T10:55:04+02:00;bench;;"{""source"": ""survey 2013"", ""level"": ""0""}"
43.9220924,4.7864861;"{""type"": ""Point"", ""coordinates"": [4.7864861, 43.9220924]}";;JLZIMMERMANN;2500655718;2015-07-01T10:55:04+02:00;bench;;"{""source"": ""survey 2013"", ""level"": ""0""}"
43.9221873,4.7860871;"{""type"": ""Point"", ""coordinates"": [4.7860871, 43.9221873]}";;JLZIMMERMANN;2500655730;2015-07-01T10:55:04+02:00;bench;;"{""source"": ""survey 2013"", ""level"": ""0""}"
43.9219866,4.7864739;"{""type"": ""Point"", ""coordinates"": [4.7864739, 43.9219866]}";;JLZIMMERMANN;2500655733;2015-07-01T10:55:04+02:00;bench;;"{""source"": ""survey 2013"", ""level"": ""0""}"
43.9223816,4.7868578;"{""type"": ""Point"", ""coordinates"": [4.7868578, 43.9223816]}";;JLZIMMERMANN;2500660592;2013-10-18T15:07:20+02:00;motorcycle_parking;;"{""operator"": ""SNCF"", ""covered"": ""yes"", ""capacity"": ""24"", ""source"": ""survey 2013""}"
44.0410094,4.8929918;"{""type"": ""Point"", ""coordinates"": [4.8929918, 44.0410094]}";;JLZIMMERMANN;3833829736;2015-11-13T08:49:20+01:00;bench;;"{""source"": ""CCPRO 2015"", ""length"": ""1.76"", ""backrest"": ""no"", ""seats"": ""3"", ""colour"": ""grey"", ""bench:position"": ""green"", ""width"": ""0.50"", ""armrest"": ""yes""}"
44.1374119,4.8188961;"{""type"": ""Point"", ""coordinates"": [4.8188961, 44.1374119]}";;JLZIMMERMANN;1303879243;2019-12-19T07:38:29+01:00;bicycle_parking;;"{""source"": ""survey"", ""capacity"": ""6"", ""name"": ""Gare SNCF"", ""level"": ""0"", ""operator"": ""SNCF"", ""covered"": ""yes"", ""survey:date"": ""2019-12-19"", ""bicycle_parking"": ""rack""}"
44.1373419,4.8196915;"{""type"": ""Point"", ""coordinates"": [4.8196915, 44.1373419]}";;tony emery;2484970480;2016-04-01T11:44:46+02:00;waste_basket;;"{""operator"": ""SNCF"", ""source"": ""CCPRO 2016"", ""waste"": ""trash""}"
44.1373676,4.8196327;"{""type"": ""Point"", ""coordinates"": [4.8196327, 44.1373676]}";;JLZIMMERMANN;2484970486;2015-04-29T15:07:53+02:00;bench;;"{""operator"": ""SNCF"", ""source"": ""survey 2015"", ""capacity"": ""3"", ""backrest"": ""yes""}"
44.1374515,4.819157;"{""type"": ""Point"", ""coordinates"": [4.819157, 44.1374515]}";;cabinetcourbi;2484979089;2018-06-19T08:06:10+02:00;bench;;"{""material"": ""wood"", ""backrest"": ""yes"", ""level"": ""0"", ""colour"": ""brown"", ""survey:date"": ""2018-05-23"", ""indoor"": ""yes"", ""source"": ""survey"", ""separator"": ""yes"", ""seats"": ""3"", ""armrest"": ""yes""}"
44.1373932,4.8193016;"{""type"": ""Point"", ""coordinates"": [4.8193016, 44.1373932]}";;cabinetcourbi;2484979090;2018-06-19T08:06:11+02:00;bench;;"{""source"": ""survey 2013"", ""backrest"": ""rest"", ""level"": ""0"", ""operator"": ""SNCF"", ""indoor"": ""yes"", ""armrest"": ""yes""}"
44.1374322,4.8192526;"{""type"": ""Point"", ""coordinates"": [4.8192526, 44.1374322]}";;cabinetcourbi;2484979091;2018-06-19T08:06:10+02:00;bench;;"{""survey:date"": ""2018-05-23"", ""indoor"": ""yes"", ""backrest"": ""yes"", ""level"": ""0"", ""colour"": ""brown"", ""material"": ""wood"", ""source"": ""survey"", ""separator"": ""yes"", ""seats"": ""3"", ""operator"": ""SNCF"", ""armrest"": ""yes""}"
44.137447,4.8192093;"{""type"": ""Point"", ""coordinates"": [4.8192093, 44.137447]}";;cabinetcourbi;2484979092;2018-06-19T08:06:10+02:00;bench;;"{""material"": ""wood"", ""backrest"": ""yes"", ""level"": ""0"", ""colour"": ""brown"", ""survey:date"": ""2018-05-23"", ""indoor"": ""yes"", ""source"": ""survey"", ""separator"": ""yes"", ""operator"": ""SNCF"", ""armrest"": ""yes""}"
44.1372066,4.8193653;"{""type"": ""Point"", ""coordinates"": [4.8193653, 44.1372066]}";;JLZIMMERMANN;3873224249;2016-03-12T09:43:59+01:00;photo_booth;;"{""source"": ""survey 2015"", ""indoor"": ""yes"", ""level"": ""0""}"
44.1372422,4.8193399;"{""type"": ""Point"", ""coordinates"": [4.8193399, 44.1372422]}";;JLZIMMERMANN;3873224250;2015-12-02T18:14:18+01:00;vending_machine;;"{""source"": ""survey 2013"", ""vending"": ""food"", ""level"": ""0"", ""operator"": ""Selecta"", ""colour"": ""red"", ""indoor"": ""yes""}"
43.2963031,5.4059678;"{""type"": ""Point"", ""coordinates"": [5.4059678, 43.2963031]}";;Virgile1994;755794851;2016-05-11T23:25:14+02:00;bicycle_rental;;"{""website"": ""http://www.levelo-mpm.fr/"", ""capacity"": ""14"", ""network"": ""Le v\u00e9lo"", ""level"": ""0"", ""operator"": ""Cyclocity"", ""ref"": ""4293"", ""name"": ""Blancarde""}"
43.2963024,5.4060379;"{""type"": ""Point"", ""coordinates"": [5.4060379, 43.2963024]}";;AmiFritz;2477009165;2013-12-12T22:48:16+01:00;bicycle_parking;;"{""capacity"": ""4"", ""motorcycle"": ""no"", ""covered"": ""no"", ""bicycle"": ""yes"", ""bicycle_parking"": ""anchors""}"
43.2956924,5.4062306;"{""type"": ""Point"", ""coordinates"": [5.4062306, 43.2956924]}";;Virgile1994;4179422416;2016-05-11T22:52:23+02:00;shelter;;"{""network"": ""RTM"", ""level"": ""0"", ""operator"": ""R\u00e9gie des Transports Marseillais"", ""shelter_type"": ""public_transport"", ""name"": ""La Blancarde""}"
43.2957939,5.4063017;"{""type"": ""Point"", ""coordinates"": [5.4063017, 43.2957939]}";;Virgile1994;4179422419;2016-05-11T22:52:25+02:00;shelter;;"{""network"": ""RTM"", ""level"": ""0"", ""operator"": ""R\u00e9gie des Transports Marseillais"", ""shelter_type"": ""public_transport"", ""name"": ""La Blancarde""}"
43.4552352,5.3176524;"{""type"": ""Point"", ""coordinates"": [5.3176524, 43.4552352]}";;Coq;4266421796;2018-09-21T12:05:36+02:00;taxi;;"{""name"": ""Aix-en-Provence TGV""}"
43.2955804,5.5651167;"{""type"": ""Point"", ""coordinates"": [5.5651167, 43.2955804]}";;Secouss;4200453539;2018-12-05T10:57:23+01:00;shelter;;"{""lit"": ""yes"", ""name"": ""Gare d'Aubagne"", ""shelter_type"": ""public_transport"", ""bench"": ""yes""}"
43.2957165,5.5653822;"{""type"": ""Point"", ""coordinates"": [5.5653822, 43.2957165]}";;Secouss;4200453676;2018-12-05T10:57:22+01:00;shelter;;"{""lit"": ""yes"", ""name"": ""Gare d'Aubagne"", ""shelter_type"": ""public_transport"", ""bench"": ""yes""}"
43.2957799,5.5658281;"{""type"": ""Point"", ""coordinates"": [5.5658281, 43.2957799]}";;Secouss;4200453683;2018-12-05T10:57:22+01:00;shelter;;"{""lit"": ""yes"", ""name"": ""Gare d'Aubagne"", ""shelter_type"": ""public_transport"", ""bench"": ""yes""}"
43.553916,7.0187448;"{""type"": ""Point"", ""coordinates"": [7.0187448, 43.553916]}";;species;3039581992;2014-08-24T18:30:52+02:00;toilets;;"{""source"": ""photo""}"
43.9231426684,4.78658260961;"{""type"": ""LineString"", ""coordinates"": [[4.7866089, 43.9230952], [4.7866486, 43.9231603], [4.7865563, 43.9231901], [4.7865166, 43.9231251], [4.7866089, 43.9230952]]}";;nlehuby;83766340;2020-04-02T22:09:15+02:00;car_rental;;"{""building"": ""retail"", ""source:building"": ""cadastre-dgi-fr source : Direction G\u00e9n\u00e9rale des Imp\u00f4ts - Cadastre. Mise \u00e0 jour : 2010"", ""brand:wikidata"": ""Q705664"", ""source:name"": ""survey"", ""brand"": ""Sixt"", ""name"": ""Sixt""}"
43.9222074906,4.78778948409;"{""type"": ""LineString"", ""coordinates"": [[4.7869097, 43.92281], [4.78676, 43.9223345], [4.7871939, 43.9222393], [4.7871468, 43.9220595], [4.7876482, 43.9218964], [4.7877171, 43.9218473], [4.7881139, 43.9217297], [4.7886006, 43.9215733], [4.7887182, 43.9215623], [4.7887671, 43.9217564], [4.7888274, 43.92195], [4.788798, 43.9220646], [4.7886977, 43.9221292], [4.7879534, 43.9225922], [4.7877998, 43.9226179], [4.7877868, 43.9226726], [4.7869097, 43.92281]]}";;cabinetcourbi;88725319;2020-01-29T22:16:40+01:00;parking;;"{""access"": ""customers"", ""source"": ""cadastre-dgi-fr source : Direction G\u00e9n\u00e9rale des Imp\u00f4ts - Cadastre. Mise \u00e0 jour : 2010"", ""description"": ""Parking longue dur\u00e9e"", ""parking"": ""surface"", ""surface"": ""asphalt"", ""name"": ""P1""}"
43.9217949761,4.78548761735;"{""type"": ""LineString"", ""coordinates"": [[4.7856712, 43.9217659], [4.7855106, 43.9218177], [4.7853332, 43.9218749], [4.7853018, 43.9218302], [4.7856361, 43.9217116], [4.7856712, 43.9217659]]}";;JLZIMMERMANN;131860022;2015-07-01T10:55:01+02:00;fast_food;;"{""cuisine"": ""coffee_shop"", ""indoor"": ""yes"", ""room"": ""restaurant"", ""level"": ""0"", ""wheelchair"": ""yes"", ""wifi"": ""free"", ""source"": ""survey 2014"", ""alt_name"": ""Kayser"", ""old_name"": ""Oh! Poivrier"", ""name"": ""Eric Kayser""}"
43.922162781,4.78683528443;"{""type"": ""LineString"", ""coordinates"": [[4.7869984, 43.9221593], [4.7867136, 43.922241], [4.7866722, 43.9221662], [4.786957, 43.9220846], [4.7869984, 43.9221593]]}";;JLZIMMERMANN;235332059;2013-08-27T18:09:37+02:00;bicycle_parking;;"{""covered"": ""no"", ""capacity"": ""72"", ""bicycle_parking"": ""stands""}"
43.92134275,4.7856884;"{""type"": ""LineString"", ""coordinates"": [[4.7856273, 43.9213779], [4.7856116, 43.9213533], [4.7857495, 43.9213076], [4.7857652, 43.9213322], [4.7856273, 43.9213779]]}";;JLZIMMERMANN;239999697;2015-10-26T18:03:19+01:00;parking_space;;"{""source"": ""survey 2015"", ""parking_space"": ""disabled"", ""capacity"": ""2"", ""parking_space:width"": ""3.30"", ""wheelchair"": ""yes""}"
43.9422202034,4.80533002473;"{""type"": ""LineString"", ""coordinates"": [[4.805397, 43.9421118], [4.8053545, 43.9421752], [4.8053014, 43.9423343], [4.80527, 43.942335], [4.8053141, 43.942221], [4.8053312, 43.9421768], [4.8053323, 43.9421739], [4.8053733, 43.9421036], [4.805397, 43.9421118]]}";;JLZIMMERMANN;540439411;2019-04-18T08:33:01+02:00;parking;;"{""source"": ""survey"", ""name"": ""Arr\u00eat minute"", ""maxstay"": ""0.3""}"
43.30236995,5.38173755;"{""type"": ""LineString"", ""coordinates"": [[5.3817306, 43.3024012], [5.381776, 43.3023551], [5.3817445, 43.3023387], [5.3816991, 43.3023848], [5.3817306, 43.3024012]]}";;Polyglot;416720163;2018-06-29T21:39:14+02:00;shelter;;"{""shelter_type"": ""public_transport""}"
43.3039534454,5.38009587958;"{""type"": ""LineString"", ""coordinates"": [[5.3792781, 43.3041237], [5.3792404, 43.3042009], [5.3792203, 43.30424], [5.3792631, 43.3042555], [5.3794125, 43.3043104], [5.3796553, 43.3043981], [5.3797441, 43.3044306], [5.3798565, 43.3044691], [5.3799383, 43.3043466], [5.3799947, 43.3043638], [5.380146, 43.3041352], [5.3802021, 43.3040511], [5.3802087, 43.3040405], [5.3802822, 43.3039273], [5.3803344, 43.3038495], [5.3803737, 43.3038629], [5.3804573, 43.3038927], [5.3804958, 43.3039063], [5.3805445, 43.3039235], [5.3808434, 43.3040277], [5.3809277, 43.3040579], [5.380964, 43.3040019], [5.3810093, 43.3039158], [5.3809849, 43.3039039], [5.3805214, 43.3036772], [5.3803438, 43.3035835], [5.3802755, 43.3035474], [5.3802584, 43.3035366], [5.380209, 43.3035795], [5.3799998, 43.3034727], [5.3799834, 43.3034641], [5.3799637, 43.3034556], [5.3799542, 43.303466], [5.3795999, 43.3038042], [5.3792781, 43.3041237]]}";;KévinS_;312432337;2018-04-23T14:49:25+02:00;parking;;"{""access"": ""no"", ""name"": ""Gare Routi\u00e8re Marseille-Saint-Charles"", ""level"": ""0"", ""bus"": ""designated"", ""surface"": ""asphalt"", ""public_transport"": ""station""}"
43.3031209468,5.38347796079;"{""type"": ""LineString"", ""coordinates"": [[5.3830563, 43.3030128], [5.3837537, 43.3033739], [5.3838985, 43.3032324], [5.3832118, 43.3028674], [5.3831805, 43.3028967], [5.3830563, 43.3030128]]}";;tony emery;416720231;2016-06-08T16:40:21+02:00;parking;;"{""access"": ""destination"", ""layer"": ""1"", ""description"": ""Embarcad\u00e8re auto-train"", ""level"": ""0"", ""operator"": ""SNCF"", ""parking"": ""surface"", ""name"": ""Marseille Auto-Train""}"
43.5510472998,5.04003479201;"{""type"": ""LineString"", ""coordinates"": [[5.0399865, 43.5510571], [5.0400396, 43.5510119], [5.0400659, 43.5509896], [5.0401085, 43.5510158], [5.0400824, 43.5510381], [5.0400808, 43.5510372], [5.0400278, 43.5510823], [5.0400297, 43.5510835], [5.0400043, 43.5511051], [5.0399613, 43.5510786], [5.0399865, 43.5510571]]}";;Virgile1994;86183895;2014-11-12T10:14:17+01:00;shelter;;"{""building"": ""yes"", ""source"": ""cadastre-dgi-fr source : Direction G\u00e9n\u00e9rale des Imp\u00f4ts - Cadastre. Mise \u00e0 jour : 2010"", ""shelter_type"": ""public_transport""}"
43.4532792763,5.31627464022;"{""type"": ""LineString"", ""coordinates"": [[5.3165605, 43.4532299], [5.316513, 43.4532308], [5.3164834, 43.4532364], [5.3164577, 43.4532513], [5.3160891, 43.4536187], [5.3159594, 43.4537445], [5.3159145, 43.4537762], [5.315822, 43.4538284], [5.3156371, 43.4537221], [5.3161341, 43.4532224], [5.3165862, 43.4527749], [5.3167493, 43.4527283], [5.3167698, 43.4528075], [5.3168533, 43.4528728], [5.3168803, 43.452925], [5.3166941, 43.4531012], [5.316721, 43.4531469], [5.3166813, 43.4531621], [5.3166208, 43.4531851], [5.3165878, 43.4532096], [5.3165605, 43.4532299]]}";;Coq;226908777;2018-09-21T11:06:22+02:00;parking;;"{""access"": ""yes"", ""fee"": ""yes"", ""name"": ""P12 : Longue dur\u00e9e"", ""parking"": ""surface"", ""operator"": ""EFFIA""}"
43.4539719184,5.31711030869;"{""type"": ""LineString"", ""coordinates"": [[5.3170132, 43.4543878], [5.3169291, 43.4542768], [5.3169252, 43.4542218], [5.3171754, 43.4535993], [5.3172115, 43.4536087], [5.3172456, 43.4536145], [5.3172293, 43.4536537], [5.3173168, 43.4536682], [5.3170132, 43.4543878]]}";;Virgile1994;226908780;2016-06-26T17:20:05+02:00;parking;;"{""fee"": ""yes"", ""name"": ""Parking Bus Gare TGV"", ""level"": ""0"", ""operator"": ""EFFIA"", ""ref"": ""P1"", ""parking"": ""surface"", ""park_ride"": ""no""}"
43.4541589392,5.31733863402;"{""type"": ""LineString"", ""coordinates"": [[5.317327, 43.4541353], [5.3173658, 43.4541434], [5.3173502, 43.4541826], [5.3173115, 43.4541745], [5.317327, 43.4541353]]}";;overflorian;666854488;2019-01-29T09:32:35+01:00;car_rental;;"{""wheelchair"": ""yes"", ""indoor"": ""area"", ""name"": ""E-entreprise"", ""level"": ""0""}"
43.8349887871,5.04334435809;"{""type"": ""LineString"", ""coordinates"": [[5.0433528, 43.8350693], [5.0433235, 43.8350643], [5.0433351, 43.8350257], [5.0433116, 43.8350222], [5.0433181, 43.8349999], [5.0432888, 43.8349948], [5.0432968, 43.8349691], [5.0433001, 43.8349696], [5.0433261, 43.8349736], [5.0433451, 43.8349137], [5.0433971, 43.8349223], [5.0433528, 43.8350693]]}";;Pa413;85117428;2016-12-23T13:13:36+01:00;bus_station;;"{""building"": ""yes"", ""source"": ""cadastre-dgi-fr source : Direction G\u00e9n\u00e9rale des Imp\u00f4ts - Cadastre. Mise \u00e0 jour : 2010"", ""name"": ""Gare routi\u00e8re de Cavaillon"", ""addr:postcode"": ""84300"", ""addr:street"": ""Avenue Pierre S\u00e9mard"", ""public_transport"": ""station""}"
43.8230844,5.7935222;"{""type"": ""LineString"", ""coordinates"": [[5.7935495, 43.8231401], [5.7934549, 43.8230507], [5.7934949, 43.8230287], [5.7935895, 43.8231181], [5.7935495, 43.8231401]]}";;Virgile1994;241536604;2013-10-10T20:45:55+02:00;shelter;;"{""building"": ""yes"", ""source"": ""cadastre-dgi-fr source : Direction G\u00e9n\u00e9rale des Imp\u00f4ts - Cadastre. Mise \u00e0 jour : 2010"", ""shelter_type"": ""public_transport""}"
44.0888062211,6.22345639395;"{""type"": ""LineString"", ""coordinates"": [[6.223525, 44.088793], [6.2235129, 44.0888364], [6.223388, 44.088819], [6.2233985, 44.0887767], [6.223525, 44.088793]]}";;Arnaud Champollion;112487886;2020-03-08T10:03:18+01:00;toilets;;"{""access"": ""customers"", ""building"": ""yes"", ""operator"": ""Chemins de Fer de Provence"", ""source"": ""cadastre-dgi-fr source : Direction G\u00e9n\u00e9rale des Imp\u00f4ts - Cadastre. Mise \u00e0 jour : 2011""}"
44.8899583772,6.63308146039;"{""type"": ""LineString"", ""coordinates"": [[6.6331976, 44.8904122], [6.6328861, 44.8899229], [6.632685, 44.8896069], [6.6328601, 44.889551], [6.632892, 44.8895408], [6.6329797, 44.8895128], [6.6330498, 44.889623], [6.6329584, 44.8896522], [6.6330172, 44.8897446], [6.6329886, 44.8897537], [6.6330975, 44.8899248], [6.6331262, 44.8899156], [6.6331872, 44.8900115], [6.6332759, 44.8899832], [6.6333442, 44.8900905], [6.6334122, 44.8900692], [6.6334829, 44.8901802], [6.6334159, 44.8902016], [6.6333219, 44.8902316], [6.6333638, 44.8902974], [6.633253, 44.8903328], [6.6332452, 44.8903353], [6.6332634, 44.8903639], [6.6332417, 44.8903709], [6.6332561, 44.8903935], [6.6331976, 44.8904122]]}";;VELODB;73575850;2020-01-20T19:11:09+01:00;public_building;;"{""building"": ""train_station"", ""source"": ""SNCF - 06/2013"", ""note:railway"": ""Un seul tag railway=station par gare. A mettre sur un node au milieu des voies"", ""uic_ref"": ""8776360"", ""name"": ""Brian\u00e7on"", ""operator"": ""SNCF"", ""wikidata"": ""Q2464665"", ""railway"": ""station"", ""public_transport"": ""station""}"
43.6530632075,6.92505337168;"{""type"": ""LineString"", ""coordinates"": [[6.9255578, 43.6529978], [6.9253124, 43.6532316], [6.9251876, 43.65335], [6.9250924, 43.6533811], [6.9249717, 43.6533122], [6.9249355, 43.6533422], [6.9248175, 43.6532772], [6.9247974, 43.6532918], [6.9246592, 43.6532161], [6.9245989, 43.6531637], [6.9245694, 43.6531084], [6.924556, 43.6530502], [6.9245613, 43.652992], [6.9245922, 43.6529337], [6.9247089, 43.6529347], [6.9248229, 43.652826], [6.9249288, 43.6528173], [6.9250321, 43.6528202], [6.9251407, 43.6528377], [6.9252386, 43.6528697], [6.925256, 43.6528493], [6.9255913, 43.6529337], [6.9255578, 43.6529978]]}";;xybot;67437094;2010-10-01T08:39:00+02:00;parking;;
